meantemp,humidity,wind_speed,meanpressure,date_year,date_month,date_dayofweek,date_dayofyear
10.0,84.5,0.0,1015.6666666666666,2013.0,1.0,1.0,1.0
7.4,92.0,2.98,1017.8,2013.0,1.0,2.0,2.0
7.166666666666667,87.0,4.633333333333334,1018.6666666666666,2013.0,1.0,3.0,3.0
8.666666666666666,71.33333333333333,1.2333333333333334,1017.1666666666666,2013.0,1.0,4.0,4.0
6.0,86.83333333333333,3.7,1016.5,2013.0,1.0,5.0,5.0
7.0,82.8,1.48,1018.0,2013.0,1.0,6.0,6.0
7.0,78.6,6.3,1020.0,2013.0,1.0,0.0,7.0
8.857142857142858,63.71428571428572,7.142857142857143,1018.7142857142856,2013.0,1.0,1.0,8.0
14.0,51.25,12.5,1017.0,2013.0,1.0,2.0,9.0
11.0,62.0,7.399999999999999,1015.6666666666666,2013.0,1.0,3.0,10.0
15.714285714285714,51.285714285714285,10.571428571428571,1016.1428571428572,2013.0,1.0,4.0,11.0
14.0,74.0,13.228571428571428,1015.5714285714286,2013.0,1.0,5.0,12.0
15.833333333333334,75.16666666666667,4.633333333333334,1013.3333333333334,2013.0,1.0,6.0,13.0
12.833333333333334,88.16666666666667,0.6166666666666667,1015.1666666666666,2013.0,1.0,0.0,14.0
14.714285714285714,71.85714285714286,0.5285714285714286,1015.8571428571428,2013.0,1.0,1.0,15.0
13.833333333333334,86.66666666666667,0.0,1016.6666666666666,2013.0,1.0,2.0,16.0
16.5,80.83333333333333,5.250000000000001,1015.8333333333334,2013.0,1.0,3.0,17.0
13.833333333333334,92.16666666666669,8.950000000000001,1014.5,2013.0,1.0,4.0,18.0
12.5,76.66666666666667,5.883333333333333,1021.6666666666666,2013.0,1.0,5.0,19.0
11.285714285714286,75.28571428571429,8.471428571428572,1020.2857142857144,2013.0,1.0,6.0,20.0
11.2,77.0,2.22,1021.0,2013.0,1.0,0.0,21.0
9.5,79.66666666666667,3.083333333333333,1021.8,2013.0,1.0,1.0,22.0
14.0,60.16666666666666,4.016666666666667,1020.5,2013.0,1.0,2.0,23.0
13.833333333333334,60.66666666666666,6.166666666666667,1020.5,2013.0,1.0,3.0,24.0
12.25,67.0,5.55,1020.75,2013.0,1.0,4.0,25.0
12.666666666666666,64.16666666666667,6.800000000000001,1019.6666666666666,2013.0,1.0,5.0,26.0
12.857142857142858,65.57142857142857,5.557142857142857,1018.1428571428572,2013.0,1.0,6.0,27.0
14.833333333333334,56.0,3.7,1017.8333333333334,2013.0,1.0,0.0,28.0
14.125,65.5,3.2375,1016.625,2013.0,1.0,1.0,29.0
14.714285714285714,70.42857142857143,1.0571428571428572,1017.8571428571428,2013.0,1.0,2.0,30.0
16.2,65.6,2.96,1018.4,2013.0,1.0,3.0,31.0
16.0,73.0,2.22,1016.0,2013.0,2.0,4.0,32.0
16.285714285714285,77.57142857142857,1.3285714285714287,1017.1428571428572,2013.0,2.0,5.0,33.0
18.0,65.57142857142857,1.8571428571428568,1015.2857142857144,2013.0,2.0,6.0,34.0
17.428571428571427,74.28571428571429,11.114285714285714,1014.5714285714286,2013.0,2.0,0.0,35.0
16.625,92.375,9.725,1016.375,2013.0,2.0,1.0,36.0
16.666666666666668,71.33333333333333,8.633333333333333,1018.6666666666666,2013.0,2.0,2.0,37.0
15.6,59.4,10.74,1018.6,2013.0,2.0,3.0,38.0
14.0,70.42857142857143,9.257142857142856,1017.1428571428572,2013.0,2.0,4.0,39.0
15.428571428571429,61.285714285714285,9.257142857142856,1016.8571428571428,2013.0,2.0,5.0,40.0
15.25,71.5,3.475,1017.125,2013.0,2.0,6.0,41.0
15.875,70.5,5.325,1016.5,2013.0,2.0,0.0,42.0
15.333333333333334,70.33333333333333,7.416666666666667,1017.5,2013.0,2.0,1.0,43.0
16.285714285714285,70.14285714285714,6.085714285714287,1016.0,2013.0,2.0,2.0,44.0
17.333333333333332,63.833333333333336,4.333333333333333,1014.1666666666666,2013.0,2.0,3.0,45.0
19.166666666666668,65.33333333333333,10.183333333333335,1011.6666666666666,2013.0,2.0,4.0,46.0
14.428571428571429,92.71428571428572,8.485714285714286,1008.0,2013.0,2.0,5.0,47.0
13.666666666666666,90.0,0.0,1012.6666666666666,2013.0,2.0,6.0,48.0
15.6,78.4,12.220000000000002,1016.2,2013.0,2.0,0.0,49.0
15.857142857142858,82.0,5.814285714285715,1015.7142857142856,2013.0,2.0,1.0,50.0
17.714285714285715,74.71428571428571,5.814285714285715,1017.0,2013.0,2.0,2.0,51.0
20.0,67.28571428571429,6.614285714285714,1015.4285714285714,2013.0,2.0,3.0,52.0
20.5,65.625,10.875000000000002,1016.0,2013.0,2.0,4.0,53.0
17.428571428571427,74.85714285714286,9.257142857142856,1017.0,2013.0,2.0,5.0,54.0
16.857142857142858,78.85714285714286,7.400000000000001,1018.8571428571428,2013.0,2.0,6.0,55.0
16.875,72.875,4.6375,1018.25,2013.0,2.0,0.0,56.0
17.857142857142858,70.0,17.587500000000002,1015.1428571428572,2013.0,2.0,1.0,57.0
20.8,57.2,6.660000000000001,1015.2,2013.0,2.0,2.0,58.0
19.428571428571427,52.85714285714285,12.957142857142856,1017.4285714285714,2013.0,2.0,3.0,59.0
17.333333333333332,49.333333333333336,24.066666666666663,1016.3333333333334,2013.0,3.0,4.0,60.0
19.0,54.0,15.725,1016.25,2013.0,3.0,5.0,61.0
19.33333333333333,62.833333333333336,8.633333333333333,1016.1666666666666,2013.0,3.0,6.0,62.0
17.6,71.0,5.5600000000000005,1015.8,2013.0,3.0,0.0,63.0
20.875,61.875,4.1625000000000005,1016.375,2013.0,3.0,1.0,64.0
20.857142857142858,65.28571428571429,6.871428571428573,1015.7142857142856,2013.0,3.0,2.0,65.0
23.428571428571427,57.142857142857146,8.728571428571428,1015.2857142857144,2013.0,3.0,3.0,66.0
24.166666666666668,44.833333333333336,7.1000000000000005,1014.8333333333334,2013.0,3.0,4.0,67.0
25.428571428571427,49.71428571428572,5.285714285714286,1009.2857142857144,2013.0,3.0,5.0,68.0
23.142857142857142,57.57142857142857,4.228571428571429,1008.0,2013.0,3.0,6.0,69.0
24.0,66.33333333333333,0.9333333333333332,1011.1666666666666,2013.0,3.0,0.0,70.0
23.5,62.5,4.933333333333334,1011.5,2013.0,3.0,1.0,71.0
21.5,70.5,5.55,1009.0,2013.0,3.0,2.0,72.0
22.33333333333333,61.16666666666666,12.033333333333331,1013.1666666666666,2013.0,3.0,3.0,73.0
24.166666666666668,45.833333333333336,7.716666666666668,1016.1666666666666,2013.0,3.0,4.0,74.0
20.33333333333333,67.66666666666667,3.7,1016.1666666666666,2013.0,3.0,5.0,75.0
22.666666666666668,58.66666666666666,8.95,1015.0,2013.0,3.0,6.0,76.0
23.428571428571427,58.142857142857146,17.457142857142856,1009.4285714285714,2013.0,3.0,0.0,77.0
22.5,73.66666666666667,10.483333333333333,1011.0,2013.0,3.0,1.0,78.0
29.166666666666668,36.333333333333336,6.800000000000001,1009.5,2013.0,3.0,2.0,79.0
23.83333333333333,58.5,10.5,1008.3333333333334,2013.0,3.0,3.0,80.0
25.25,50.25,9.7125,1006.375,2013.0,3.0,4.0,81.0
27.375,50.125,9.95,1007.625,2013.0,3.0,5.0,82.0
27.0,48.75,10.8875,1010.25,2013.0,3.0,6.0,83.0
23.5,45.5,15.9625,1010.625,2013.0,3.0,0.0,84.0
24.142857142857142,44.57142857142857,12.957142857142856,1008.8571428571428,2013.0,3.0,1.0,85.0
21.0,62.0,1.85,1009.0,2013.0,3.0,2.0,86.0
22.428571428571427,62.71428571428572,7.4142857142857155,1009.5714285714286,2013.0,3.0,3.0,87.0
21.25,70.375,5.550000000000001,1009.75,2013.0,3.0,4.0,88.0
23.5,54.75,11.1125,1008.625,2013.0,3.0,5.0,89.0
23.2,58.0,6.660000000000001,1008.6,2013.0,3.0,6.0,90.0
25.375,45.5,4.4,1008.5,2013.0,4.0,0.0,91.0
25.166666666666668,51.0,8.65,1009.5,2013.0,4.0,1.0,92.0
26.2,45.6,8.14,1009.0,2013.0,4.0,2.0,93.0
24.6,41.8,11.12,1007.8,2013.0,4.0,3.0,94.0
25.6,31.0,15.56,1007.0,2013.0,4.0,4.0,95.0
25.857142857142858,29.857142857142858,11.900000000000002,1006.1428571428572,2013.0,4.0,5.0,96.0
29.142857142857142,23.285714285714285,10.314285714285717,1005.0,2013.0,4.0,6.0,97.0
28.714285714285715,33.857142857142854,5.3,1006.0,2013.0,4.0,0.0,98.0
30.166666666666668,30.5,8.65,1005.3333333333334,2013.0,4.0,1.0,99.0
30.0,28.0,6.1,1006.7142857142856,2013.0,4.0,2.0,100.0
30.0,24.2,7.780000000000001,1006.4,2013.0,4.0,3.0,101.0
28.857142857142858,32.57142857142857,6.342857142857143,1007.5714285714286,2013.0,4.0,4.0,102.0
30.2,29.2,10.000000000000002,1008.4,2013.0,4.0,5.0,103.0
28.25,39.375,6.487499999999999,1007.0,2013.0,4.0,6.0,104.0
28.25,41.375,6.25,1003.875,2013.0,4.0,0.0,105.0
32.125,24.625,10.425,1000.0,2013.0,4.0,1.0,106.0
29.2,24.2,6.659999999999999,1002.2,2013.0,4.0,2.0,107.0
30.285714285714285,30.285714285714285,4.757142857142858,1002.8571428571428,2013.0,4.0,3.0,108.0
28.285714285714285,31.285714285714285,3.971428571428571,1002.5714285714286,2013.0,4.0,4.0,109.0
30.625,29.0,7.6375,1003.375,2013.0,4.0,5.0,110.0
27.666666666666668,38.66666666666666,13.883333333333333,1006.8333333333334,2013.0,4.0,6.0,111.0
27.375,45.375,7.650000000000001,1010.0,2013.0,4.0,0.0,112.0
28.625,44.125,4.625000000000001,1009.875,2013.0,4.0,1.0,113.0
30.285714285714285,41.71428571428572,2.1142857142857143,1008.5714285714286,2013.0,4.0,2.0,114.0
31.142857142857142,38.285714285714285,3.7,1007.7142857142856,2013.0,4.0,3.0,115.0
29.875,45.875,6.7125,1008.375,2013.0,4.0,4.0,116.0
31.142857142857142,31.428571428571427,13.485714285714286,1007.0,2013.0,4.0,5.0,117.0
30.571428571428573,28.0,12.971428571428572,1005.4285714285714,2013.0,4.0,6.0,118.0
32.125,26.375,7.875,1004.875,2013.0,4.0,0.0,119.0
31.142857142857142,32.0,7.928571428571429,1004.8571428571428,2013.0,4.0,1.0,120.0
31.857142857142858,15.857142857142858,12.685714285714289,1002.8333333333334,2013.0,5.0,2.0,121.0
29.83333333333333,22.166666666666668,11.433333333333335,1001.2,2013.0,5.0,3.0,122.0
28.571428571428573,31.571428571428573,9.0,999.4285714285714,2013.0,5.0,4.0,123.0
32.857142857142854,31.428571428571427,2.914285714285714,999.0,2013.0,5.0,5.0,124.0
32.625,31.125,3.0125,1000.625,2013.0,5.0,6.0,125.0
32.75,39.25,3.7,1001.625,2013.0,5.0,0.0,126.0
32.875,33.25,7.175000000000001,1002.0,2013.0,5.0,1.0,127.0
34.5,23.0,9.25,1001.1666666666666,2013.0,5.0,2.0,128.0
34.285714285714285,26.0,8.985714285714284,1000.8571428571428,2013.0,5.0,3.0,129.0
34.0,27.714285714285715,9.528571428571428,1000.1428571428572,2013.0,5.0,4.0,130.0
30.75,30.375,14.8125,999.875,2013.0,5.0,5.0,131.0
29.857142857142858,40.142857142857146,5.828571428571428,1003.7142857142856,2013.0,5.0,6.0,132.0
31.714285714285715,34.0,3.971428571428572,1003.5714285714286,2013.0,5.0,0.0,133.0
32.285714285714285,34.285714285714285,4.771428571428571,1001.5714285714286,2013.0,5.0,1.0,134.0
33.0,33.0,3.2375000000000003,999.8571428571428,2013.0,5.0,2.0,135.0
33.0,34.75,7.175000000000001,998.5,2013.0,5.0,3.0,136.0
32.833333333333336,28.166666666666668,9.866666666666667,1000.3333333333334,2013.0,5.0,4.0,137.0
31.4,42.2,12.966666666666669,999.0,2013.0,5.0,5.0,138.0
35.333333333333336,22.33333333333333,15.749999999999998,999.6666666666666,2013.0,5.0,6.0,139.0
36.4,24.2,7.4,998.4,2013.0,5.0,0.0,140.0
36.0,19.0,11.371428571428572,998.6666666666666,2013.0,5.0,1.0,141.0
36.75,22.125,17.5875,998.625,2013.0,5.0,2.0,142.0
37.5,23.33333333333333,13.566666666666668,997.1666666666666,2013.0,5.0,3.0,143.0
38.42857142857143,27.428571428571427,11.385714285714286,996.4285714285714,2013.0,5.0,4.0,144.0
38.71428571428572,22.428571428571427,10.314285714285717,998.1428571428572,2013.0,5.0,5.0,145.0
37.8,21.2,10.74,998.2,2013.0,5.0,6.0,146.0
35.857142857142854,31.571428571428573,8.72857142857143,999.1428571428572,2013.0,5.0,0.0,147.0
35.333333333333336,29.0,8.333333333333334,1000.1666666666666,2013.0,5.0,1.0,148.0
34.142857142857146,27.857142857142858,5.557142857142858,999.4285714285714,2013.0,5.0,2.0,149.0
32.2,28.2,5.5600000000000005,999.6,2013.0,5.0,3.0,150.0
33.625,40.125,10.6375,998.7142857142856,2013.0,5.0,4.0,151.0
32.0,54.0,13.4375,998.75,2013.0,6.0,5.0,152.0
32.4,56.6,14.2,1001.0,2013.0,6.0,6.0,153.0
35.6,47.0,12.239999999999998,999.6,2013.0,6.0,0.0,154.0
35.857142857142854,42.57142857142857,5.028571428571429,999.8571428571428,2013.0,6.0,1.0,155.0
37.16666666666666,36.5,9.866666666666664,998.0,2013.0,6.0,2.0,156.0
31.285714285714285,61.71428571428572,10.042857142857144,997.2857142857144,2013.0,6.0,3.0,157.0
34.0,49.25,7.412500000000001,998.0,2013.0,6.0,4.0,158.0
34.2,57.4,13.34,997.0,2013.0,6.0,5.0,159.0
36.16666666666666,40.0,11.416666666666666,995.1666666666666,2013.0,6.0,6.0,160.0
36.625,42.75,8.100000000000001,995.125,2013.0,6.0,0.0,161.0
30.166666666666668,61.66666666666666,16.349999999999998,1000.0,2013.0,6.0,1.0,162.0
34.142857142857146,54.142857142857146,7.4142857142857155,998.0,2013.0,6.0,2.0,163.0
29.83333333333333,68.66666666666667,9.866666666666664,998.6666666666666,2013.0,6.0,3.0,164.0
30.142857142857142,68.14285714285714,7.942857142857142,997.4285714285714,2013.0,6.0,4.0,165.0
30.714285714285715,65.0,13.22857142857143,997.8571428571428,2013.0,6.0,5.0,166.0
27.0,88.85714285714286,8.485714285714286,996.4285714285714,2013.0,6.0,6.0,167.0
26.875,87.375,8.3375,994.75,2013.0,6.0,0.0,168.0
28.4,83.6,5.18,996.4,2013.0,6.0,1.0,169.0
29.857142857142858,72.85714285714286,4.228571428571429,999.0,2013.0,6.0,2.0,170.0
33.0,52.71428571428572,4.771428571428571,997.1666666666666,2013.0,6.0,3.0,171.0
34.833333333333336,47.333333333333336,5.866666666666667,995.3333333333334,2013.0,6.0,4.0,172.0
35.6,39.4,10.74,996.2,2013.0,6.0,5.0,173.0
35.166666666666664,53.0,8.350000000000001,995.6666666666666,2013.0,6.0,6.0,174.0
33.142857142857146,55.0,13.22857142857143,996.2857142857144,2013.0,6.0,0.0,175.0
30.571428571428573,70.42857142857143,11.114285714285716,999.1666666666666,2013.0,6.0,1.0,176.0
30.666666666666668,71.5,6.483333333333333,999.0,2013.0,6.0,2.0,177.0
31.428571428571427,61.85714285714285,7.957142857142856,996.7142857142856,2013.0,6.0,3.0,178.0
31.5,64.25,8.8125,996.0,2013.0,6.0,4.0,179.0
33.25,57.0,13.875,995.25,2013.0,6.0,5.0,180.0
32.833333333333336,52.16666666666666,10.5,997.1666666666666,2013.0,6.0,6.0,181.0
33.857142857142854,54.0,8.728571428571428,996.4285714285714,2013.0,7.0,0.0,182.0
33.142857142857146,58.285714285714285,9.8,996.0,2013.0,7.0,1.0,183.0
31.571428571428573,70.0,6.357142857142857,997.5714285714286,2013.0,7.0,2.0,184.0
32.375,67.5,9.25,997.0,2013.0,7.0,3.0,185.0
32.8,62.2,12.96,997.8,2013.0,7.0,4.0,186.0
31.0,73.14285714285714,11.37142857142857,1000.5714285714286,2013.0,7.0,5.0,187.0
31.166666666666668,77.33333333333333,7.1000000000000005,1000.1666666666666,2013.0,7.0,6.0,188.0
29.83333333333333,75.16666666666667,6.483333333333334,997.5,2013.0,7.0,0.0,189.0
29.0,78.83333333333333,8.016666666666667,996.8333333333334,2013.0,7.0,1.0,190.0
29.75,75.375,6.4875,995.75,2013.0,7.0,2.0,191.0
32.5,65.5,7.116666666666667,997.3333333333334,2013.0,7.0,3.0,192.0
28.875,86.625,5.562500000000001,1000.0,2013.0,7.0,4.0,193.0
31.75,70.25,12.0625,998.875,2013.0,7.0,5.0,194.0
30.75,71.625,4.8125,997.375,2013.0,7.0,6.0,195.0
31.75,73.25,13.5375,998.375,2013.0,7.0,0.0,196.0
29.875,83.875,9.0,999.0,2013.0,7.0,1.0,197.0
31.125,78.375,8.65,998.0,2013.0,7.0,2.0,198.0
31.75,76.0,5.550000000000001,995.0,2013.0,7.0,3.0,199.0
30.5,73.5,9.266666666666666,995.3333333333334,2013.0,7.0,4.0,200.0
26.83333333333333,90.66666666666669,4.933333333333333,999.1666666666666,2013.0,7.0,5.0,201.0
28.2,88.0,2.24,996.4,2013.0,7.0,6.0,202.0
29.5,80.33333333333333,4.333333333333333,996.8333333333334,2013.0,7.0,0.0,203.0
31.857142857142858,70.71428571428571,3.971428571428572,998.0,2013.0,7.0,1.0,204.0
29.714285714285715,84.14285714285714,3.971428571428571,997.1428571428572,2013.0,7.0,2.0,205.0
28.33333333333333,84.5,8.016666666666667,995.1666666666666,2013.0,7.0,3.0,206.0
30.0,73.85714285714286,5.571428571428572,995.4285714285714,2013.0,7.0,4.0,207.0
30.142857142857142,79.0,4.228571428571429,997.2857142857144,2013.0,7.0,5.0,208.0
32.285714285714285,67.42857142857143,6.085714285714286,998.1428571428572,2013.0,7.0,6.0,209.0
31.0,77.42857142857143,4.771428571428571,997.1428571428572,2013.0,7.0,0.0,210.0
30.5,75.66666666666667,8.016666666666667,996.5,2013.0,7.0,1.0,211.0
28.83333333333333,78.5,9.866666666666664,996.6666666666666,2013.0,7.0,2.0,212.0
30.0,73.5,5.550000000000001,998.0,2013.0,8.0,3.0,213.0
31.571428571428573,66.42857142857143,11.114285714285716,999.4285714285714,2013.0,8.0,4.0,214.0
32.5,62.333333333333336,10.816666666666665,1000.8333333333334,2013.0,8.0,5.0,215.0
32.5,62.5,5.1,993.25,2013.0,8.0,6.0,216.0
29.5,77.0,6.783333333333334,1001.0,2013.0,8.0,0.0,217.0
27.166666666666668,90.66666666666669,4.016666666666667,1002.1666666666666,2013.0,8.0,1.0,218.0
28.375,85.25,3.25,1001.875,2013.0,8.0,2.0,219.0
28.5,84.0,6.166666666666667,1000.5,2013.0,8.0,3.0,220.0
27.166666666666668,87.5,3.716666666666667,1001.0,2013.0,8.0,4.0,221.0
29.428571428571427,79.85714285714286,6.1000000000000005,1000.3333333333334,2013.0,8.0,5.0,222.0
30.0,76.83333333333333,6.800000000000001,1001.1666666666666,2013.0,8.0,6.0,223.0
29.5,81.5,8.350000000000001,1001.0,2013.0,8.0,0.0,224.0
30.75,72.0,11.125,999.25,2013.0,8.0,1.0,225.0
29.666666666666668,74.33333333333333,9.866666666666667,999.8333333333334,2013.0,8.0,2.0,226.0
27.714285714285715,85.0,8.2,1001.7142857142856,2013.0,8.0,3.0,227.0
26.6,92.0,4.46,1000.8,2013.0,8.0,4.0,228.0
27.428571428571427,91.0,14.285714285714286,999.4285714285714,2013.0,8.0,5.0,229.0
28.33333333333333,83.83333333333333,1.2333333333333334,1000.1666666666666,2013.0,8.0,6.0,230.0
28.166666666666668,84.66666666666667,5.550000000000001,1000.5,2013.0,8.0,0.0,231.0
27.375,88.5,5.325,999.0,2013.0,8.0,1.0,232.0
28.33333333333333,81.16666666666667,10.314285714285717,999.2857142857144,2013.0,8.0,2.0,233.0
29.166666666666668,74.83333333333333,6.483333333333334,1001.1666666666666,2013.0,8.0,3.0,234.0
31.285714285714285,73.14285714285714,2.642857142857143,1001.4285714285714,2013.0,8.0,4.0,235.0
32.0,71.25,18.525,1000.3333333333334,2013.0,8.0,5.0,236.0
29.0,90.75,0.925,998.75,2013.0,8.0,6.0,237.0
32.0,69.875,6.475,997.8571428571428,2013.0,8.0,0.0,238.0
32.142857142857146,57.285714285714285,17.071428571428573,999.8571428571428,2013.0,8.0,1.0,239.0
30.142857142857142,60.71428571428572,11.642857142857142,1003.7142857142856,2013.0,8.0,2.0,240.0
31.5,57.0,9.275,1003.25,2013.0,8.0,3.0,241.0
29.166666666666668,73.0,3.1,1003.5,2013.0,8.0,4.0,242.0
29.0,71.75,4.65,1003.25,2013.0,8.0,5.0,243.0
30.0,65.2,11.48,1003.2,2013.0,9.0,6.0,244.0
31.857142857142858,50.85714285714285,15.342857142857142,1003.7142857142856,2013.0,9.0,0.0,245.0
32.75,45.5,14.8,1001.5,2013.0,9.0,1.0,246.0
31.714285714285715,48.0,14.54285714285714,1002.1666666666666,2013.0,9.0,2.0,247.0
31.666666666666668,46.0,13.566666666666668,1001.5,2013.0,9.0,3.0,248.0
30.571428571428573,55.71428571428572,10.042857142857144,1003.4285714285714,2013.0,9.0,4.0,249.0
30.83333333333333,51.833333333333336,6.783333333333334,1004.1666666666666,2013.0,9.0,5.0,250.0
28.0,71.75,2.325,1007.25,2013.0,9.0,6.0,251.0
31.0,57.5,42.22,1007.0,2013.0,9.0,0.0,252.0
29.666666666666668,66.33333333333333,3.7,1005.3333333333334,2013.0,9.0,1.0,253.0
30.857142857142858,61.142857142857146,3.971428571428571,1005.5714285714286,2013.0,9.0,2.0,254.0
31.166666666666668,60.333333333333336,2.7833333333333337,1008.1666666666666,2013.0,9.0,3.0,255.0
31.142857142857142,67.14285714285714,3.171428571428572,1007.1428571428572,2013.0,9.0,4.0,256.0
30.5,67.0,2.7833333333333337,1003.8333333333334,2013.0,9.0,5.0,257.0
31.625,56.375,3.9375,1001.375,2013.0,9.0,6.0,258.0
29.666666666666668,60.0,7.100000000000001,1002.3333333333334,2013.0,9.0,0.0,259.0
29.25,56.5,3.475,1002.875,2013.0,9.0,1.0,260.0
29.142857142857142,58.57142857142857,5.557142857142858,1003.1428571428572,2013.0,9.0,2.0,261.0
29.8,61.6,2.96,1001.8,2013.0,9.0,3.0,262.0
28.666666666666668,70.0,9.583333333333334,1003.0,2013.0,9.0,4.0,263.0
25.2,89.0,5.18,1003.0,2013.0,9.0,5.0,264.0
28.33333333333333,79.66666666666667,3.083333333333333,1001.6666666666666,2013.0,9.0,6.0,265.0
30.285714285714285,68.0,4.5,1001.0,2013.0,9.0,0.0,266.0
30.75,65.75,5.7875000000000005,1002.75,2013.0,9.0,1.0,267.0
28.571428571428573,75.0,6.614285714285715,1005.4285714285714,2013.0,9.0,2.0,268.0
28.2,78.8,4.08,1006.6,2013.0,9.0,3.0,269.0
29.0,71.25,7.4125,1005.625,2013.0,9.0,4.0,270.0
30.0,67.33333333333333,1.2333333333333334,1005.3333333333334,2013.0,9.0,5.0,271.0
28.142857142857142,79.85714285714286,5.557142857142858,1003.8571428571428,2013.0,9.0,6.0,272.0
26.857142857142858,84.57142857142857,4.228571428571429,1004.7142857142856,2013.0,9.0,0.0,273.0
28.285714285714285,68.71428571428571,6.371428571428571,1007.7142857142856,2013.0,10.0,1.0,274.0
29.2,61.4,7.42,1010.0,2013.0,10.0,2.0,275.0
28.6,59.0,7.4,1008.6,2013.0,10.0,3.0,276.0
24.83333333333333,84.33333333333333,6.783333333333334,1007.5,2013.0,10.0,4.0,277.0
28.5,69.0,2.0875,1004.125,2013.0,10.0,5.0,278.0
29.75,66.5,1.85,1005.25,2013.0,10.0,6.0,279.0
29.714285714285715,66.57142857142857,1.585714285714286,1008.8571428571428,2013.0,10.0,0.0,280.0
29.2,69.4,0.0,1009.8,2013.0,10.0,1.0,281.0
30.83333333333333,65.5,5.566666666666667,1010.3333333333334,2013.0,10.0,2.0,282.0
29.428571428571427,66.28571428571429,3.971428571428572,1010.8571428571428,2013.0,10.0,3.0,283.0
23.857142857142858,89.85714285714286,4.242857142857143,1010.5714285714286,2013.0,10.0,4.0,284.0
26.142857142857142,82.57142857142857,2.914285714285714,1008.2857142857144,2013.0,10.0,5.0,285.0
27.166666666666668,84.33333333333333,0.6166666666666667,1007.6666666666666,2013.0,10.0,6.0,286.0
27.714285714285715,74.85714285714286,5.557142857142858,1007.0,2013.0,10.0,0.0,287.0
25.857142857142858,76.42857142857143,3.7,1009.1428571428572,2013.0,10.0,1.0,288.0
26.428571428571427,75.0,0.0,1009.0,2013.0,10.0,2.0,289.0
26.857142857142858,76.71428571428571,1.0571428571428572,1010.4285714285714,2013.0,10.0,3.0,290.0
26.33333333333333,73.16666666666667,0.0,1010.5,2013.0,10.0,4.0,291.0
24.571428571428573,69.57142857142857,2.1142857142857143,1011.5714285714286,2013.0,10.0,5.0,292.0
24.33333333333333,67.83333333333333,1.55,1010.6666666666666,2013.0,10.0,6.0,293.0
24.875,63.625,1.3875000000000002,1009.875,2013.0,10.0,0.0,294.0
27.8,53.6,0.0,1011.0,2013.0,10.0,1.0,295.0
25.0,67.5,1.1625,1013.625,2013.0,10.0,2.0,296.0
23.857142857142858,73.14285714285714,1.0571428571428572,1013.2857142857144,2013.0,10.0,3.0,297.0
22.8,75.8,1.86,1011.0,2013.0,10.0,4.0,298.0
23.0,78.2,0.74,1011.2,2013.0,10.0,5.0,299.0
22.875,66.875,2.5500000000000003,1010.625,2013.0,10.0,6.0,300.0
22.666666666666668,63.16666666666666,4.933333333333334,1010.0,2013.0,10.0,0.0,301.0
23.0,62.71428571428572,3.971428571428571,1011.1428571428572,2013.0,10.0,1.0,302.0
22.857142857142858,67.42857142857143,2.385714285714286,1012.8571428571428,2013.0,10.0,2.0,303.0
23.666666666666668,58.833333333333336,3.083333333333333,1012.8333333333334,2013.0,10.0,3.0,304.0
23.428571428571427,69.14285714285714,1.0571428571428572,1013.2857142857144,2013.0,11.0,4.0,305.0
21.625,65.0,4.6375,1014.5,2013.0,11.0,5.0,306.0
20.625,57.875,5.5625,1016.0,2013.0,11.0,6.0,307.0
21.166666666666668,54.16666666666666,2.466666666666667,1017.5,2013.0,11.0,0.0,308.0
18.83333333333333,74.33333333333333,0.0,1017.5,2013.0,11.0,1.0,309.0
20.571428571428573,66.71428571428571,3.185714285714285,1015.8571428571428,2013.0,11.0,2.0,310.0
20.142857142857142,73.14285714285714,4.500000000000001,1015.6666666666666,2013.0,11.0,3.0,311.0
18.0,82.2,19.9125,1015.625,2013.0,11.0,4.0,312.0
19.857142857142858,73.57142857142857,0.5285714285714286,1016.7142857142856,2013.0,11.0,5.0,313.0
16.833333333333332,72.0,2.466666666666667,1016.0,2013.0,11.0,6.0,314.0
18.857142857142858,61.85714285714285,5.814285714285715,1013.4285714285714,2013.0,11.0,0.0,315.0
16.571428571428573,71.71428571428571,0.7999999999999999,1013.8571428571428,2013.0,11.0,1.0,316.0
17.75,65.0,3.0125,1014.25,2013.0,11.0,2.0,317.0
17.625,63.375,3.475,1015.25,2013.0,11.0,3.0,318.0
17.0,67.0,0.925,1016.5,2013.0,11.0,4.0,319.0
16.625,69.625,0.0,1018.0,2013.0,11.0,5.0,320.0
15.571428571428571,67.42857142857143,2.3857142857142857,1017.7142857142856,2013.0,11.0,6.0,321.0
18.5,55.125,7.412500000000001,1016.875,2013.0,11.0,0.0,322.0
17.875,63.5,7.175,1015.5,2013.0,11.0,1.0,323.0
18.25,58.875,2.55,1012.75,2013.0,11.0,2.0,324.0
17.875,66.25,2.0875,1013.125,2013.0,11.0,3.0,325.0
17.625,74.875,1.1625,1015.75,2013.0,11.0,4.0,326.0
18.142857142857142,77.85714285714286,0.7999999999999999,1014.5714285714286,2013.0,11.0,5.0,327.0
19.125,58.875,5.0875,1014.5,2013.0,11.0,6.0,328.0
21.25,49.875,9.5,1012.875,2013.0,11.0,0.0,329.0
21.25,51.375,9.75,1011.75,2013.0,11.0,1.0,330.0
19.125,68.5,2.7875,1014.75,2013.0,11.0,2.0,331.0
18.625,71.875,1.85,1017.75,2013.0,11.0,3.0,332.0
17.75,66.625,4.8625,1016.875,2013.0,11.0,4.0,333.0
17.875,69.625,11.8125,1015.875,2013.0,11.0,5.0,334.0
18.0,65.0,1.585714285714286,1016.1428571428572,2013.0,12.0,6.0,335.0
17.25,73.25,1.85,1015.875,2013.0,12.0,0.0,336.0
17.5,73.5,1.3875,1016.75,2013.0,12.0,1.0,337.0
17.142857142857142,71.85714285714286,4.228571428571429,1017.0,2013.0,12.0,2.0,338.0
17.142857142857142,69.0,6.885714285714286,1015.2857142857144,2013.0,12.0,3.0,339.0
16.125,72.375,3.7125,1014.0,2013.0,12.0,4.0,340.0
16.0,80.5,1.1625,1014.25,2013.0,12.0,5.0,341.0
16.5,83.625,0.0,1014.0,2013.0,12.0,6.0,342.0
16.125,79.25,2.3125,1013.5,2013.0,12.0,0.0,343.0
15.5,81.75,2.55,1013.75,2013.0,12.0,1.0,344.0
16.625,71.875,6.475000000000001,1014.125,2013.0,12.0,2.0,345.0
17.75,62.375,16.9,1012.5,2013.0,12.0,3.0,346.0
17.142857142857142,67.71428571428571,11.62857142857143,1012.0,2013.0,12.0,4.0,347.0
16.142857142857142,79.0,0.7999999999999999,1012.5714285714286,2013.0,12.0,5.0,348.0
15.5,86.25,2.55,1015.125,2013.0,12.0,6.0,349.0
15.25,89.5,1.1625,1015.625,2013.0,12.0,0.0,350.0
14.75,92.875,0.925,1014.25,2013.0,12.0,1.0,351.0
14.875,93.0,2.0875,1012.625,2013.0,12.0,2.0,352.0
16.125,89.125,3.25,1012.875,2013.0,12.0,3.0,353.0
15.375,91.375,4.4125000000000005,1016.0,2013.0,12.0,4.0,354.0
14.75,94.0,0.4625,1017.0,2013.0,12.0,5.0,355.0
15.25,94.0,1.3875000000000002,1018.375,2013.0,12.0,6.0,356.0
14.25,88.25,9.025,1020.5,2013.0,12.0,0.0,357.0
13.5,84.75,5.7875000000000005,1021.375,2013.0,12.0,1.0,358.0
13.666666666666666,63.16666666666666,34.4875,1020.625,2013.0,12.0,2.0,359.0
12.125,67.625,4.4,1019.25,2013.0,12.0,3.0,360.0
11.875,79.875,1.1625,1018.625,2013.0,12.0,4.0,361.0
10.875,70.0,5.325,1019.25,2013.0,12.0,5.0,362.0
10.571428571428571,69.42857142857143,5.325,1018.5,2013.0,12.0,6.0,363.0
12.375,79.5,6.4750000000000005,1018.125,2013.0,12.0,0.0,364.0
14.5,89.375,4.862500000000001,1020.5,2013.0,12.0,1.0,365.0
13.375,89.625,7.65,1021.0,2014.0,1.0,2.0,1.0
11.0,78.375,8.1,1020.25,2014.0,1.0,3.0,2.0
12.5,74.875,5.325,1017.75,2014.0,1.0,4.0,3.0
12.875,88.125,1.1625,1016.25,2014.0,1.0,5.0,4.0
12.375,89.0,0.4625,1014.5,2014.0,1.0,6.0,5.0
11.428571428571429,86.28571428571429,27.3375,1017.625,2014.0,1.0,0.0,6.0
12.142857142857142,72.28571428571429,20.6,1017.75,2014.0,1.0,1.0,7.0
11.875,76.875,1.85,1017.875,2014.0,1.0,2.0,8.0
12.833333333333334,83.0,1.2333333333333334,1017.0,2014.0,1.0,3.0,9.0
12.375,85.375,0.0,1016.625,2014.0,1.0,4.0,10.0
12.125,82.625,6.7250000000000005,1019.625,2014.0,1.0,5.0,11.0
12.875,80.875,3.2500000000000004,1020.75,2014.0,1.0,6.0,12.0
14.0,72.375,1.1625,1019.375,2014.0,1.0,0.0,13.0
14.875,76.75,2.7875,1017.0,2014.0,1.0,1.0,14.0
12.0,93.5,0.4625,1019.75,2014.0,1.0,2.0,15.0
12.285714285714286,90.57142857142856,1.585714285714286,1019.5714285714286,2014.0,1.0,3.0,16.0
12.0,95.75,1.1625,1017.625,2014.0,1.0,4.0,17.0
12.5,94.25,1.85,1020.25,2014.0,1.0,5.0,18.0
14.5,84.5,3.475,1023.0,2014.0,1.0,6.0,19.0
14.625,83.5,4.4125000000000005,1021.375,2014.0,1.0,0.0,20.0
13.571428571428571,96.85714285714286,7.171428571428572,1020.5714285714286,2014.0,1.0,1.0,21.0
15.25,96.125,6.7125,1019.875,2014.0,1.0,2.0,22.0
15.625,90.125,6.7125,1020.25,2014.0,1.0,3.0,23.0
13.875,88.875,8.1125,1019.25,2014.0,1.0,4.0,24.0
11.75,95.625,8.3375,1019.75,2014.0,1.0,5.0,25.0
14.375,85.75,8.8125,1019.125,2014.0,1.0,6.0,26.0
16.625,72.375,9.95,1018.75,2014.0,1.0,0.0,27.0
16.625,69.875,7.4125,1016.75,2014.0,1.0,1.0,28.0
14.875,81.875,4.625000000000001,1018.625,2014.0,1.0,2.0,29.0
14.5,83.25,0.925,1019.375,2014.0,1.0,3.0,30.0
14.75,82.5,3.0125,1019.25,2014.0,1.0,4.0,31.0
14.0,79.375,2.55,1019.75,2014.0,2.0,5.0,32.0
15.25,76.125,1.85,1016.875,2014.0,2.0,6.0,33.0
18.428571428571427,63.85714285714285,12.2875,1014.125,2014.0,2.0,0.0,34.0
18.857142857142858,65.42857142857143,13.425,1011.0,2014.0,2.0,1.0,35.0
17.0,72.75,1.625,1011.5,2014.0,2.0,2.0,36.0
18.5,65.375,6.012500000000001,1010.875,2014.0,2.0,3.0,37.0
19.625,67.25,15.05,1009.25,2014.0,2.0,4.0,38.0
13.625,85.375,8.1125,1011.375,2014.0,2.0,5.0,39.0
12.875,63.375,9.2625,1012.0,2014.0,2.0,6.0,40.0
12.625,61.75,3.7,1012.5,2014.0,2.0,0.0,41.0
13.375,64.625,3.7,1013.5,2014.0,2.0,1.0,42.0
13.25,67.0,9.2625,1013.5,2014.0,2.0,2.0,43.0
15.25,64.5,4.875,1013.625,2014.0,2.0,3.0,44.0
13.0,95.5,5.3375,1011.875,2014.0,2.0,4.0,45.0
12.375,89.5,3.9375,1012.875,2014.0,2.0,5.0,46.0
13.5,79.0,8.7875,1016.0,2014.0,2.0,6.0,47.0
15.125,66.125,12.725,1017.75,2014.0,2.0,0.0,48.0
15.25,60.125,8.799999999999999,1017.375,2014.0,2.0,1.0,49.0
15.125,75.375,1.85,1016.625,2014.0,2.0,2.0,50.0
16.125,78.625,1.8625,1014.75,2014.0,2.0,3.0,51.0
17.125,72.25,8.7875,1014.25,2014.0,2.0,4.0,52.0
16.625,85.625,6.250000000000001,1017.375,2014.0,2.0,5.0,53.0
16.5,80.0,7.887500000000001,1019.375,2014.0,2.0,6.0,54.0
16.375,69.375,5.3375,1018.625,2014.0,2.0,0.0,55.0
18.125,69.0,0.925,1017.25,2014.0,2.0,1.0,56.0
18.75,71.125,2.0875,1014.25,2014.0,2.0,2.0,57.0
18.625,76.625,7.175000000000001,1013.125,2014.0,2.0,3.0,58.0
15.625,88.375,5.799999999999999,1013.125,2014.0,2.0,4.0,59.0
16.142857142857142,87.28571428571429,4.242857142857143,1015.2857142857144,2014.0,3.0,5.0,60.0
16.125,79.0,5.7875000000000005,1017.125,2014.0,3.0,6.0,61.0
17.875,65.625,3.7,1016.25,2014.0,3.0,0.0,62.0
18.75,66.375,3.7125,1016.5,2014.0,3.0,1.0,63.0
18.875,67.0,5.325000000000001,1016.125,2014.0,3.0,2.0,64.0
18.375,64.0,4.6375,1016.375,2014.0,3.0,3.0,65.0
18.5,62.875,6.7125,1017.125,2014.0,3.0,4.0,66.0
19.875,63.875,9.9625,1017.0,2014.0,3.0,5.0,67.0
22.0,56.625,7.65,1014.5,2014.0,3.0,6.0,68.0
20.0,63.875,10.8875,1014.375,2014.0,3.0,0.0,69.0
20.714285714285715,70.0,15.6,1013.7142857142856,2014.0,3.0,1.0,70.0
20.0,68.875,6.4875,1016.25,2014.0,3.0,2.0,71.0
19.0,60.625,9.95,1016.25,2014.0,3.0,3.0,72.0
19.625,61.25,5.800000000000001,1015.0,2014.0,3.0,4.0,73.0
21.625,62.625,2.7875,1016.375,2014.0,3.0,5.0,74.0
23.125,58.5,6.25,1015.375,2014.0,3.0,6.0,75.0
26.25,52.125,6.7125,1011.25,2014.0,3.0,0.0,76.0
24.857142857142858,53.42857142857143,9.8,1012.8571428571428,2014.0,3.0,1.0,77.0
21.75,57.375,10.1875,1013.25,2014.0,3.0,2.0,78.0
21.5,55.0,7.4,1010.75,2014.0,3.0,3.0,79.0
22.5,64.75,5.3375,1007.125,2014.0,3.0,4.0,80.0
25.0,59.5,3.0125,1007.0,2014.0,3.0,5.0,81.0
22.75,61.875,9.025,1010.625,2014.0,3.0,6.0,82.0
22.375,73.125,9.4875,1011.625,2014.0,3.0,0.0,83.0
24.625,60.25,2.775,1010.5,2014.0,3.0,1.0,84.0
25.125,58.875,2.7750000000000004,1010.625,2014.0,3.0,2.0,85.0
23.5,63.25,4.8875,1011.75,2014.0,3.0,3.0,86.0
24.428571428571427,67.57142857142857,4.5,1011.1428571428572,2014.0,3.0,4.0,87.0
25.875,55.625,8.35,1011.25,2014.0,3.0,5.0,88.0
24.125,46.75,13.9,1009.875,2014.0,3.0,6.0,89.0
24.125,44.125,13.2,1008.25,2014.0,3.0,0.0,90.0
24.875,45.75,9.7125,1006.125,2014.0,4.0,1.0,91.0
26.75,43.375,7.175,1005.75,2014.0,4.0,2.0,92.0
25.0,48.0,10.425,1010.375,2014.0,4.0,3.0,93.0
25.857142857142858,47.85714285714285,11.914285714285716,1009.8571428571428,2014.0,4.0,4.0,94.0
27.375,44.0,9.2625,1008.875,2014.0,4.0,5.0,95.0
30.125,45.25,6.7125,1007.5,2014.0,4.0,6.0,96.0
27.25,47.625,12.9625,1009.625,2014.0,4.0,0.0,97.0
25.75,41.875,12.725,1010.375,2014.0,4.0,1.0,98.0
25.75,35.25,12.7375,1010.25,2014.0,4.0,2.0,99.0
26.375,29.25,12.500000000000002,1010.875,2014.0,4.0,3.0,100.0
28.142857142857142,29.0,10.05714285714286,1008.5714285714286,2014.0,4.0,4.0,101.0
29.125,39.875,5.1000000000000005,1007.125,2014.0,4.0,5.0,102.0
26.875,40.375,15.5125,1009.625,2014.0,4.0,6.0,103.0
27.625,46.625,5.3500000000000005,1010.625,2014.0,4.0,0.0,104.0
29.0,48.125,2.55,1009.125,2014.0,4.0,1.0,105.0
27.125,53.625,4.4,1008.25,2014.0,4.0,2.0,106.0
26.375,49.625,9.25,1007.0,2014.0,4.0,3.0,107.0
24.25,64.375,14.3375,1011.625,2014.0,4.0,4.0,108.0
25.625,57.875,5.1,1011.375,2014.0,4.0,5.0,109.0
27.0,48.0,4.6375,1010.5,2014.0,4.0,6.0,110.0
28.0,33.125,8.8125,1010.0,2014.0,4.0,0.0,111.0
29.375,29.375,12.5,1011.75,2014.0,4.0,1.0,112.0
29.125,37.0,6.025,1009.0,2014.0,4.0,2.0,113.0
29.375,35.875,7.875,1005.875,2014.0,4.0,3.0,114.0
30.625,34.375,8.1125,1006.125,2014.0,4.0,4.0,115.0
31.5,32.0,8.1125,1006.375,2014.0,4.0,5.0,116.0
30.625,30.0,8.350000000000001,1007.125,2014.0,4.0,6.0,117.0
31.5,27.875,10.1875,1005.625,2014.0,4.0,0.0,118.0
32.125,28.875,8.325,1003.875,2014.0,4.0,1.0,119.0
33.25,25.5,5.3375,1003.75,2014.0,4.0,2.0,120.0
34.875,22.5,9.7375,1001.5,2014.0,5.0,3.0,121.0
34.375,24.75,6.4875,1001.875,2014.0,5.0,4.0,122.0
31.75,33.375,6.475,1003.625,2014.0,5.0,5.0,123.0
31.875,34.375,5.8,1003.0,2014.0,5.0,6.0,124.0
29.75,53.25,9.0375,1005.75,2014.0,5.0,0.0,125.0
29.571428571428573,51.142857142857146,6.885714285714287,1006.8571428571428,2014.0,5.0,1.0,126.0
31.75,48.625,1.85,1004.25,2014.0,5.0,2.0,127.0
31.375,43.0,10.6625,1002.625,2014.0,5.0,3.0,128.0
30.5,39.625,6.487500000000001,1000.4285714285714,2014.0,5.0,4.0,129.0
30.0,37.625,7.8875,1000.75,2014.0,5.0,5.0,130.0
29.625,40.375,7.65,1004.0,2014.0,5.0,6.0,131.0
28.0,53.375,10.8875,1004.875,2014.0,5.0,0.0,132.0
25.25,65.75,9.9625,1008.375,2014.0,5.0,1.0,133.0
26.875,55.25,8.575000000000001,1006.5,2014.0,5.0,2.0,134.0
29.5,39.875,11.125,1004.25,2014.0,5.0,3.0,135.0
31.125,40.25,9.4875,1003.5,2014.0,5.0,4.0,136.0
29.875,47.625,7.175000000000001,1007.0,2014.0,5.0,5.0,137.0
31.5,35.375,13.9,1007.375,2014.0,5.0,6.0,138.0
32.375,29.5,11.575000000000005,1006.625,2014.0,5.0,0.0,139.0
31.125,34.0,7.6375,1006.625,2014.0,5.0,1.0,140.0
33.0,32.5,9.7125,1002.125,2014.0,5.0,2.0,141.0
33.25,33.375,11.1125,999.5,2014.0,5.0,3.0,142.0
34.625,32.75,19.450000000000003,1000.0,2014.0,5.0,4.0,143.0
31.5,50.5,6.725,1004.125,2014.0,5.0,5.0,144.0
31.5,43.25,16.4375,1005.5,2014.0,5.0,6.0,145.0
30.125,54.125,4.175,1007.125,2014.0,5.0,0.0,146.0
31.875,49.75,2.55,1004.75,2014.0,5.0,1.0,147.0
33.625,44.5,3.95,1001.25,2014.0,5.0,2.0,148.0
35.25,40.125,4.4,999.375,2014.0,5.0,3.0,149.0
33.125,44.5,11.5875,999.5714285714286,2014.0,5.0,4.0,150.0
34.625,39.0,6.4875,999.625,2014.0,5.0,5.0,151.0
32.75,34.25,16.2,1003.25,2014.0,6.0,6.0,152.0
32.75,41.375,4.6375,1003.25,2014.0,6.0,0.0,153.0
34.875,33.625,6.487500000000001,1000.0,2014.0,6.0,1.0,154.0
35.25,33.125,7.1875,998.125,2014.0,6.0,2.0,155.0
36.875,26.875,8.5625,996.125,2014.0,6.0,3.0,156.0
37.5,27.625,10.2,994.875,2014.0,6.0,4.0,157.0
38.5,22.75,13.1875,994.0,2014.0,6.0,5.0,158.0
37.625,26.25,6.7250000000000005,993.125,2014.0,6.0,6.0,159.0
37.875,32.125,6.025,993.125,2014.0,6.0,0.0,160.0
37.25,20.875,12.0375,994.75,2014.0,6.0,1.0,161.0
37.625,23.125,14.8125,995.625,2014.0,6.0,2.0,162.0
32.875,39.25,24.325,997.0,2014.0,6.0,3.0,163.0
30.25,55.125,16.6625,997.625,2014.0,6.0,4.0,164.0
30.5,66.875,6.487500000000001,997.375,2014.0,6.0,5.0,165.0
33.875,52.0,8.1,997.125,2014.0,6.0,6.0,166.0
36.375,41.375,10.8875,995.625,2014.0,6.0,0.0,167.0
36.875,42.125,15.9625,994.125,2014.0,6.0,1.0,168.0
33.875,58.0,10.425,994.25,2014.0,6.0,2.0,169.0
35.75,47.875,10.8875,993.25,2014.0,6.0,3.0,170.0
38.0,36.125,17.825,991.375,2014.0,6.0,4.0,171.0
36.875,40.125,9.7375,993.875,2014.0,6.0,5.0,172.0
34.5,46.75,4.4,996.375,2014.0,6.0,6.0,173.0
32.125,49.75,6.7125,996.25,2014.0,6.0,0.0,174.0
33.0,46.25,10.1875,995.5,2014.0,6.0,1.0,175.0
32.25,53.25,13.2,997.625,2014.0,6.0,2.0,176.0
32.5,60.375,3.2375,1001.0,2014.0,6.0,3.0,177.0
34.75,48.5,9.4875,1001.625,2014.0,6.0,4.0,178.0
34.875,49.0,5.7875,999.375,2014.0,6.0,5.0,179.0
33.0,57.75,9.7125,997.75,2014.0,6.0,6.0,180.0
32.0,67.75,3.25,997.5,2014.0,6.0,0.0,181.0
31.375,65.125,6.25,1000.875,2014.0,7.0,1.0,182.0
29.5,71.375,5.787500000000001,1001.125,2014.0,7.0,2.0,183.0
28.875,75.125,5.0875,998.2857142857144,2014.0,7.0,3.0,184.0
31.38888888888889,69.0,4.333333333333333,998.7777777777778,2014.0,7.0,4.0,185.0
34.705882352941174,52.05882352941177,9.202941176470588,1000.7058823529412,2014.0,7.0,5.0,186.0
30.625,61.125,3.7125,1000.5,2014.0,7.0,6.0,187.0
34.0,48.75,5.5625,998.25,2014.0,7.0,0.0,188.0
35.0,39.5,9.725,996.875,2014.0,7.0,1.0,189.0
36.0,37.125,13.65,996.5,2014.0,7.0,2.0,190.0
36.125,38.75,11.3375,996.875,2014.0,7.0,3.0,191.0
36.625,38.625,8.7875,996.125,2014.0,7.0,4.0,192.0
35.875,51.375,5.3375,996.0,2014.0,7.0,5.0,193.0
31.625,69.75,6.025,998.0,2014.0,7.0,6.0,194.0
32.375,67.875,6.725,997.125,2014.0,7.0,0.0,195.0
33.125,62.625,8.825000000000001,996.0,2014.0,7.0,1.0,196.0
32.625,63.0,10.45,997.25,2014.0,7.0,2.0,197.0
30.75,74.25,6.7250000000000005,996.125,2014.0,7.0,3.0,198.0
27.25,83.875,2.55,994.875,2014.0,7.0,4.0,199.0
29.875,71.0,6.25,995.125,2014.0,7.0,5.0,200.0
30.875,68.875,6.262499999999999,996.75,2014.0,7.0,6.0,201.0
32.125,65.5,4.65,996.0,2014.0,7.0,0.0,202.0
31.625,69.75,7.175,997.0,2014.0,7.0,1.0,203.0
30.625,72.875,8.1125,997.75,2014.0,7.0,2.0,204.0
30.5,63.625,12.0375,998.7142857142856,2014.0,7.0,3.0,205.0
30.75,63.25,9.9625,1000.75,2014.0,7.0,4.0,206.0
32.5,61.5,7.175,1001.875,2014.0,7.0,5.0,207.0
31.714285714285715,65.42857142857143,6.25,1001.875,2014.0,7.0,6.0,208.0
30.0,75.75,18.05,999.375,2014.0,7.0,0.0,209.0
30.25,69.875,5.7875000000000005,999.25,2014.0,7.0,1.0,210.0
31.875,65.75,4.175000000000001,999.5714285714286,2014.0,7.0,2.0,211.0
32.5,65.75,7.425,999.625,2014.0,7.0,3.0,212.0
33.25,59.5,6.500000000000001,998.0,2014.0,8.0,4.0,213.0
30.125,77.75,0.925,997.125,2014.0,8.0,5.0,214.0
31.5,66.25,5.7875000000000005,995.375,2014.0,8.0,6.0,215.0
30.5,69.75,5.1000000000000005,996.125,2014.0,8.0,0.0,216.0
29.75,77.5,1.85,997.5,2014.0,8.0,1.0,217.0
32.125,65.0,5.5625,996.875,2014.0,8.0,2.0,218.0
31.125,65.375,6.949999999999999,997.0,2014.0,8.0,3.0,219.0
31.0,67.875,6.012500000000001,998.375,2014.0,8.0,4.0,220.0
29.235294117647054,80.47058823529412,6.652941176470588,1001.6470588235294,2014.0,8.0,5.0,221.0
28.5,89.90625,5.2250000000000005,1002.15625,2014.0,8.0,6.0,222.0
31.125,72.125,3.0125,999.875,2014.0,8.0,0.0,223.0
32.125,57.5,8.3375,998.75,2014.0,8.0,1.0,224.0
32.125,57.71428571428572,20.825,998.25,2014.0,8.0,2.0,225.0
30.375,57.5,18.5125,997.375,2014.0,8.0,3.0,226.0
31.125,54.875,14.5875,998.875,2014.0,8.0,4.0,227.0
30.428571428571427,59.85714285714285,8.35,1002.5,2014.0,8.0,5.0,228.0
31.375,53.875,7.1875,1003.25,2014.0,8.0,6.0,229.0
31.875,56.625,5.5625,1005.375,2014.0,8.0,0.0,230.0
33.0,52.42857142857143,6.885714285714286,1004.8571428571428,2014.0,8.0,1.0,231.0
33.25,47.125,8.7875,1002.375,2014.0,8.0,2.0,232.0
32.5,43.0,10.8875,1001.25,2014.0,8.0,3.0,233.0
33.0,47.125,8.5625,1002.8571428571428,2014.0,8.0,4.0,234.0
33.125,45.75,9.2625,1003.25,2014.0,8.0,5.0,235.0
33.125,46.25,11.35,1002.875,2014.0,8.0,6.0,236.0
33.875,46.625,7.874999999999999,1002.375,2014.0,8.0,0.0,237.0
34.125,40.25,9.9625,1001.375,2014.0,8.0,1.0,238.0
33.857142857142854,44.71428571428572,8.112499999999999,1001.125,2014.0,8.0,2.0,239.0
29.625,67.75,6.7250000000000005,1003.75,2014.0,8.0,3.0,240.0
30.375,69.25,3.7,1003.5,2014.0,8.0,4.0,241.0
28.625,78.125,4.1625,1002.625,2014.0,8.0,5.0,242.0
27.625,86.125,4.4125,1001.25,2014.0,8.0,6.0,243.0
29.428571428571427,65.85714285714286,15.5125,1001.125,2014.0,9.0,0.0,244.0
29.25,71.0,10.425,1001.875,2014.0,9.0,1.0,245.0
28.625,77.875,15.0375,1001.4285714285714,2014.0,9.0,2.0,246.0
27.875,80.75,9.275,1000.375,2014.0,9.0,3.0,247.0
26.5,85.75,8.337499999999999,1000.1428571428572,2014.0,9.0,4.0,248.0
28.5,76.875,2.0875,1002.375,2014.0,9.0,5.0,249.0
31.0,67.625,1.4,1003.25,2014.0,9.0,6.0,250.0
31.25,66.375,3.475,1003.125,2014.0,9.0,0.0,251.0
31.0,70.125,1.85,1002.375,2014.0,9.0,1.0,252.0
28.75,77.5,4.875,1003.25,2014.0,9.0,2.0,253.0
26.571428571428573,85.71428571428571,17.825,1005.5714285714286,2014.0,9.0,3.0,254.0
28.5,73.0,1.625,1005.125,2014.0,9.0,4.0,255.0
29.375,68.25,4.1625,1004.0,2014.0,9.0,5.0,256.0
29.125,65.5,6.712500000000001,1004.25,2014.0,9.0,6.0,257.0
29.625,63.125,6.7125,1004.25,2014.0,9.0,0.0,258.0
30.625,65.125,6.25,1002.25,2014.0,9.0,1.0,259.0
30.625,61.875,7.4,1002.125,2014.0,9.0,2.0,260.0
30.5,62.375,6.7125,1003.875,2014.0,9.0,3.0,261.0
31.0,56.625,4.175000000000001,1003.5,2014.0,9.0,4.0,262.0
31.125,55.75,4.4,1002.875,2014.0,9.0,5.0,263.0
30.5,54.875,5.5625,1003.625,2014.0,9.0,6.0,264.0
30.625,50.0,13.437499999999998,1004.5,2014.0,9.0,0.0,265.0
31.0,47.0,30.685714285714283,1004.2857142857144,2014.0,9.0,1.0,266.0
29.625,53.0,8.1,1006.25,2014.0,9.0,2.0,267.0
30.0,52.5,9.725,1007.75,2014.0,9.0,3.0,268.0
30.0,52.5,5.7875,1008.125,2014.0,9.0,4.0,269.0
30.5,46.875,8.799999999999999,1009.25,2014.0,9.0,5.0,270.0
30.25,48.875,7.175,1009.625,2014.0,9.0,6.0,271.0
30.5,48.75,7.4125,1009.125,2014.0,9.0,0.0,272.0
30.625,50.125,6.712500000000001,1009.625,2014.0,9.0,1.0,273.0
30.428571428571427,52.85714285714285,3.1714285714285717,1010.4285714285714,2014.0,10.0,2.0,274.0
30.375,53.375,2.7875,1009.125,2014.0,10.0,3.0,275.0
30.5,52.625,1.85,1008.0,2014.0,10.0,4.0,276.0
31.0,53.5,0.0,1008.5,2014.0,10.0,5.0,277.0
30.625,56.125,0.0,1010.375,2014.0,10.0,6.0,278.0
30.625,56.75,0.0,1010.125,2014.0,10.0,0.0,279.0
31.0,59.375,1.1625,1008.375,2014.0,10.0,1.0,280.0
28.75,52.75,3.7125,1009.875,2014.0,10.0,2.0,281.0
27.625,49.875,3.2375,1010.125,2014.0,10.0,3.0,282.0
27.125,57.375,3.2375000000000003,1008.75,2014.0,10.0,4.0,283.0
25.714285714285715,57.142857142857146,6.9375,1008.25,2014.0,10.0,5.0,284.0
26.0,58.625,0.4625,1008.375,2014.0,10.0,6.0,285.0
27.625,59.75,8.799999999999999,1009.875,2014.0,10.0,0.0,286.0
24.5,67.625,5.325000000000001,1010.875,2014.0,10.0,1.0,287.0
24.5,68.0,3.2625,1013.375,2014.0,10.0,2.0,288.0
23.0,58.875,4.862500000000001,1014.0,2014.0,10.0,3.0,289.0
25.0,47.66666666666666,25.0125,1013.625,2014.0,10.0,4.0,290.0
24.0,56.142857142857146,21.3,1012.875,2014.0,10.0,5.0,291.0
23.75,57.75,4.1625,1012.625,2014.0,10.0,6.0,292.0
24.75,55.625,4.4,1013.125,2014.0,10.0,0.0,293.0
25.625,56.125,2.0875,1014.625,2014.0,10.0,1.0,294.0
25.75,64.875,0.4625,1014.5,2014.0,10.0,2.0,295.0
25.25,66.0,0.925,1012.75,2014.0,10.0,3.0,296.0
25.5,67.5,1.85,1011.75,2014.0,10.0,4.0,297.0
25.25,67.125,0.925,1012.375,2014.0,10.0,5.0,298.0
25.125,65.5,2.0875000000000004,1014.875,2014.0,10.0,6.0,299.0
24.875,62.875,1.8625,1013.75,2014.0,10.0,0.0,300.0
25.125,64.75,2.5625,1012.0,2014.0,10.0,1.0,301.0
24.75,65.75,1.625,1012.125,2014.0,10.0,2.0,302.0
23.875,61.375,1.85,1014.5,2014.0,10.0,3.0,303.0
23.375,58.25,3.7125,1013.625,2014.0,10.0,4.0,304.0
22.5,50.875,5.325000000000001,1014.125,2014.0,11.0,5.0,305.0
22.875,49.125,7.1875,1014.5,2014.0,11.0,6.0,306.0
23.375,52.75,4.1625,1013.5,2014.0,11.0,0.0,307.0
23.625,56.625,3.9375,1012.125,2014.0,11.0,1.0,308.0
22.75,56.25,4.625,1012.375,2014.0,11.0,2.0,309.0
23.0,56.25,6.25,1011.625,2014.0,11.0,3.0,310.0
24.0,66.125,2.3125,1012.875,2014.0,11.0,4.0,311.0
23.875,66.25,1.625,1014.625,2014.0,11.0,5.0,312.0
24.125,56.375,4.1625,1015.125,2014.0,11.0,6.0,313.0
21.375,52.125,3.4750000000000005,1014.0,2014.0,11.0,0.0,314.0
19.25,55.125,2.325,1014.75,2014.0,11.0,1.0,315.0
19.625,52.0,2.3125,1015.875,2014.0,11.0,2.0,316.0
18.5,50.5,3.2375,1016.5,2014.0,11.0,3.0,317.0
18.375,43.0,7.4125,1016.375,2014.0,11.0,4.0,318.0
18.625,44.75,2.775,1014.875,2014.0,11.0,5.0,319.0
18.25,47.625,2.55,1015.375,2014.0,11.0,6.0,320.0
17.75,51.75,2.7750000000000004,1016.125,2014.0,11.0,0.0,321.0
17.625,53.0,2.0875,1017.875,2014.0,11.0,1.0,322.0
17.5,58.125,1.1625,1016.5,2014.0,11.0,2.0,323.0
20.375,54.625,3.0250000000000004,1013.375,2014.0,11.0,3.0,324.0
18.25,62.125,3.2375,1012.75,2014.0,11.0,4.0,325.0
19.875,58.875,1.625,1011.375,2014.0,11.0,5.0,326.0
17.125,57.375,1.3875,1014.625,2014.0,11.0,6.0,327.0
16.875,52.25,4.175000000000001,1016.0,2014.0,11.0,0.0,328.0
16.5,51.5,2.55,1014.875,2014.0,11.0,1.0,329.0
19.625,51.0,5.550000000000001,1009.875,2014.0,11.0,2.0,330.0
18.125,63.875,0.0,1011.75,2014.0,11.0,3.0,331.0
19.375,67.375,0.0,1012.5,2014.0,11.0,4.0,332.0
20.25,67.625,0.0,1012.375,2014.0,11.0,5.0,333.0
19.75,54.75,2.55,1014.0,2014.0,11.0,6.0,334.0
20.0,42.625,8.799999999999999,1013.75,2014.0,12.0,0.0,335.0
21.375,47.625,7.875000000000001,1012.75,2014.0,12.0,1.0,336.0
25.0,66.57142857142857,11.37142857142857,1007.0,2014.0,12.0,2.0,337.0
21.25,68.875,4.862500000000001,1010.375,2014.0,12.0,3.0,338.0
17.75,59.875,2.55,1017.125,2014.0,12.0,4.0,339.0
18.25,48.875,4.8625,1016.375,2014.0,12.0,5.0,340.0
17.25,48.375,4.862500000000001,1014.75,2014.0,12.0,6.0,341.0
17.0,49.875,2.775,1015.0,2014.0,12.0,0.0,342.0
15.285714285714286,67.57142857142857,0.0,1016.8571428571428,2014.0,12.0,1.0,343.0
21.5,65.5,4.8625,1010.5,2014.0,12.0,2.0,344.0
19.625,70.5,3.25,1011.625,2014.0,12.0,3.0,345.0
17.5,65.625,0.4625,1014.375,2014.0,12.0,4.0,346.0
16.0,71.875,8.8,1016.125,2014.0,12.0,5.0,347.0
16.875,86.625,3.95,1014.5,2014.0,12.0,6.0,348.0
16.625,75.75,2.325,1016.125,2014.0,12.0,0.0,349.0
17.75,72.375,7.425000000000001,1017.375,2014.0,12.0,1.0,350.0
12.875,72.125,6.4875,1020.25,2014.0,12.0,2.0,351.0
11.75,79.75,3.0125,1021.375,2014.0,12.0,3.0,352.0
11.75,81.75,0.4625,1022.125,2014.0,12.0,4.0,353.0
11.25,77.0,5.800000000000001,1018.75,2014.0,12.0,5.0,354.0
9.5,79.125,0.925,1018.0,2014.0,12.0,6.0,355.0
9.375,85.0,1.3875000000000002,1017.125,2014.0,12.0,0.0,356.0
9.625,78.625,1.625,1017.875,2014.0,12.0,1.0,357.0
9.875,83.0,3.4750000000000005,1021.25,2014.0,12.0,2.0,358.0
9.25,81.125,8.100000000000001,1020.125,2014.0,12.0,3.0,359.0
10.75,77.0,7.6375,1017.75,2014.0,12.0,4.0,360.0
10.375,69.0,2.775,1018.625,2014.0,12.0,5.0,361.0
9.0,86.0,0.7,1019.75,2014.0,12.0,6.0,362.0
11.125,72.625,1.3875,1017.25,2014.0,12.0,0.0,363.0
11.625,70.625,2.55,1014.625,2014.0,12.0,1.0,364.0
12.375,67.125,2.7875,1016.875,2014.0,12.0,2.0,365.0
14.75,72.0,0.925,1017.5,2015.0,1.0,3.0,1.0
14.875,96.625,3.0125,1017.875,2015.0,1.0,4.0,2.0
15.125,92.0,0.925,1017.375,2015.0,1.0,5.0,3.0
14.125,78.75,9.5125,1019.625,2015.0,1.0,6.0,4.0
14.0,69.375,15.05,1016.0,2015.0,1.0,0.0,5.0
12.0,79.875,4.4,1015.5,2015.0,1.0,1.0,6.0
9.625,86.0,3.9375,1016.625,2015.0,1.0,2.0,7.0
10.0,87.875,3.4875,1019.125,2015.0,1.0,3.0,8.0
10.625,80.625,1.625,1020.125,2015.0,1.0,4.0,9.0
11.125,73.125,4.4125000000000005,1018.875,2015.0,1.0,5.0,10.0
11.0,80.75,4.8625,1019.125,2015.0,1.0,6.0,11.0
10.625,79.5,0.925,1019.5,2015.0,1.0,0.0,12.0
12.25,77.875,4.875,1017.125,2015.0,1.0,1.0,13.0
12.0,82.25,5.1000000000000005,1017.5,2015.0,1.0,2.0,14.0
12.375,79.125,0.925,1019.375,2015.0,1.0,3.0,15.0
13.0,78.125,4.6375,1019.25,2015.0,1.0,4.0,16.0
13.5,76.625,1.8625,1019.25,2015.0,1.0,5.0,17.0
13.0,73.875,2.5500000000000003,1018.75,2015.0,1.0,6.0,18.0
13.75,78.0,1.85,1018.875,2015.0,1.0,0.0,19.0
13.375,74.375,7.1875,1020.0,2015.0,1.0,1.0,20.0
13.25,73.375,3.7,1021.0,2015.0,1.0,2.0,21.0
12.625,94.125,3.2375,1020.625,2015.0,1.0,3.0,22.0
14.625,85.0,1.1625,1020.0,2015.0,1.0,4.0,23.0
12.375,86.25,9.7375,1020.75,2015.0,1.0,5.0,24.0
13.25,77.75,4.1625,1020.375,2015.0,1.0,6.0,25.0
13.75,88.125,0.925,1019.875,2015.0,1.0,0.0,26.0
13.25,74.25,5.3375,1019.3333333333334,2015.0,1.0,1.0,27.0
11.714285714285714,67.0,27.775,1018.25,2015.0,1.0,2.0,28.0
11.5,67.5,3.9375,1019.75,2015.0,1.0,3.0,29.0
12.75,56.125,12.0375,1020.375,2015.0,1.0,4.0,30.0
13.75,57.625,9.025,1017.875,2015.0,1.0,5.0,31.0
15.0,65.25,5.1000000000000005,1017.75,2015.0,2.0,6.0,32.0
17.375,63.875,11.8125,1017.5,2015.0,2.0,0.0,33.0
16.75,71.25,7.175000000000002,1020.5,2015.0,2.0,1.0,34.0
14.625,81.125,9.25,1022.0,2015.0,2.0,2.0,35.0
14.625,62.875,7.399999999999999,1019.25,2015.0,2.0,3.0,36.0
15.125,62.625,3.0125,1019.0,2015.0,2.0,4.0,37.0
15.875,67.625,1.85,1017.0,2015.0,2.0,5.0,38.0
16.625,63.875,4.4125000000000005,1017.375,2015.0,2.0,6.0,39.0
16.875,63.5,5.55,1019.75,2015.0,2.0,0.0,40.0
15.75,64.0,4.625,1019.75,2015.0,2.0,1.0,41.0
16.0,66.625,1.85,1017.125,2015.0,2.0,2.0,42.0
15.5,69.625,6.025,1016.125,2015.0,2.0,3.0,43.0
17.25,59.0,6.725,1012.625,2015.0,2.0,4.0,44.0
19.375,63.125,4.1625,1009.625,2015.0,2.0,5.0,45.0
18.875,70.125,1.3875000000000002,1012.625,2015.0,2.0,6.0,46.0
20.625,71.25,10.425,1013.625,2015.0,2.0,0.0,47.0
21.142857142857142,72.57142857142857,5.028571428571429,1011.8571428571428,2015.0,2.0,1.0,48.0
21.25,72.875,5.1000000000000005,1011.75,2015.0,2.0,2.0,49.0
22.75,73.5,7.65,1012.0,2015.0,2.0,3.0,50.0
22.75,67.125,7.187500000000001,1013.875,2015.0,2.0,4.0,51.0
21.875,63.5,11.3375,1014.125,2015.0,2.0,5.0,52.0
22.142857142857142,58.85714285714285,14.812499999999998,1013.375,2015.0,2.0,6.0,53.0
21.5,74.375,3.0250000000000004,1014.25,2015.0,2.0,0.0,54.0
22.875,72.375,6.0375,1010.625,2015.0,2.0,1.0,55.0
23.125,58.625,6.5,1008.5,2015.0,2.0,2.0,56.0
20.0,34.375,6.7125,1009.875,2015.0,2.0,3.0,57.0
19.25,43.125,5.800000000000001,1013.0,2015.0,2.0,4.0,58.0
21.25,45.5,6.950000000000001,1013.0,2015.0,2.0,5.0,59.0
17.375,92.75,14.8125,1011.125,2015.0,3.0,6.0,60.0
17.5,89.875,6.725,1012.5,2015.0,3.0,0.0,61.0
16.25,82.5,5.5625,1013.75,2015.0,3.0,1.0,62.0
16.75,69.25,6.7125,1014.0,2015.0,3.0,2.0,63.0
18.75,64.0,3.7,1015.75,2015.0,3.0,3.0,64.0
20.0,62.375,5.0875,1016.375,2015.0,3.0,4.0,65.0
18.375,80.375,4.175,1013.7142857142856,2015.0,3.0,5.0,66.0
19.5,74.125,7.8875,1015.375,2015.0,3.0,6.0,67.0
18.125,54.25,12.2625,1021.0,2015.0,3.0,0.0,68.0
17.75,68.5,8.5625,1019.125,2015.0,3.0,1.0,69.0
18.25,69.875,6.025,1018.125,2015.0,3.0,2.0,70.0
20.5,63.375,5.325000000000001,1017.0,2015.0,3.0,3.0,71.0
21.375,65.25,4.175000000000001,1014.75,2015.0,3.0,4.0,72.0
21.5,64.625,7.875,1015.125,2015.0,3.0,5.0,73.0
17.625,89.125,11.575,1015.5,2015.0,3.0,6.0,74.0
19.857142857142858,81.85714285714286,8.5625,1017.375,2015.0,3.0,0.0,75.0
20.875,70.375,13.2,1015.875,2015.0,3.0,1.0,76.0
20.25,69.625,12.2625,1013.5,2015.0,3.0,2.0,77.0
21.125,66.0,5.3375,1014.875,2015.0,3.0,3.0,78.0
22.5,65.75,9.025,1014.875,2015.0,3.0,4.0,79.0
24.875,60.5,5.7875,1014.875,2015.0,3.0,5.0,80.0
25.125,64.0,10.2,1012.0,2015.0,3.0,6.0,81.0
24.75,65.75,7.637499999999999,1010.0,2015.0,3.0,0.0,82.0
25.75,65.5,1.3875000000000002,1010.25,2015.0,3.0,1.0,83.0
26.625,65.625,2.55,1011.8571428571428,2015.0,3.0,2.0,84.0
28.5,54.375,9.2625,1013.0,2015.0,3.0,3.0,85.0
27.375,51.375,7.65,1012.0,2015.0,3.0,4.0,86.0
27.0,53.625,3.7125,1009.625,2015.0,3.0,5.0,87.0
25.0,52.75,13.1875,1008.625,2015.0,3.0,6.0,88.0
23.5,66.25,14.8125,1010.375,2015.0,3.0,0.0,89.0
25.25,64.875,3.7,1010.1428571428572,2015.0,3.0,1.0,90.0
26.428571428571427,59.71428571428572,6.7125,1007.5,2015.0,4.0,2.0,91.0
28.714285714285715,45.285714285714285,10.175,1004.625,2015.0,4.0,3.0,92.0
24.5,71.125,6.9625,1004.75,2015.0,4.0,4.0,93.0
21.0,77.5,1.3875000000000002,1005.25,2015.0,4.0,5.0,94.0
23.571428571428573,67.71428571428571,17.6,1007.75,2015.0,4.0,6.0,95.0
25.0,60.125,2.775,1007.75,2015.0,4.0,0.0,96.0
23.75,62.125,9.7375,1010.25,2015.0,4.0,1.0,97.0
25.625,50.375,6.712500000000001,1012.0,2015.0,4.0,2.0,98.0
26.0,52.875,9.0375,1010.5,2015.0,4.0,3.0,99.0
27.125,52.25,6.25,1008.5,2015.0,4.0,4.0,100.0
28.25,44.875,8.1,1008.375,2015.0,4.0,5.0,101.0
24.375,63.0,5.325,1012.375,2015.0,4.0,6.0,102.0
24.75,70.875,6.950000000000001,1013.75,2015.0,4.0,0.0,103.0
26.25,62.75,3.0125,1012.75,2015.0,4.0,1.0,104.0
27.625,59.25,5.7875000000000005,1012.875,2015.0,4.0,2.0,105.0
25.25,58.25,8.1125,1013.875,2015.0,4.0,3.0,106.0
28.125,48.75,8.3375,1007.125,2015.0,4.0,4.0,107.0
30.125,44.5,5.562500000000001,1002.375,2015.0,4.0,5.0,108.0
32.125,41.0,4.175,1003.875,2015.0,4.0,6.0,109.0
32.875,37.875,7.1875,1005.75,2015.0,4.0,0.0,110.0
31.75,28.5,11.1125,1005.625,2015.0,4.0,1.0,111.0
30.75,30.25,11.349999999999998,1003.125,2015.0,4.0,2.0,112.0
30.75,33.0,8.1,1004.0,2015.0,4.0,3.0,113.0
31.125,39.5,2.5500000000000003,1004.375,2015.0,4.0,4.0,114.0
30.5,43.125,12.975,1005.875,2015.0,4.0,5.0,115.0
28.75,51.125,15.7375,1008.0,2015.0,4.0,6.0,116.0
30.125,53.0,17.5875,1006.75,2015.0,4.0,0.0,117.0
31.0,48.25,12.5125,1004.5,2015.0,4.0,1.0,118.0
31.25,47.25,9.025,1005.0,2015.0,4.0,2.0,119.0
32.625,44.75,15.05,1004.0,2015.0,4.0,3.0,120.0
31.25,43.5,5.3375,1005.875,2015.0,5.0,4.0,121.0
30.125,40.25,4.4,1006.25,2015.0,5.0,5.0,122.0
31.0,39.25,3.0125,1006.625,2015.0,5.0,6.0,123.0
30.875,39.25,3.9375,1006.625,2015.0,5.0,0.0,124.0
32.125,31.125,7.649999999999999,1003.875,2015.0,5.0,1.0,125.0
34.125,22.0,11.3625,1001.875,2015.0,5.0,2.0,126.0
35.42857142857143,13.428571428571429,15.342857142857143,1003.5714285714286,2015.0,5.0,3.0,127.0
34.125,22.375,12.275,1003.25,2015.0,5.0,4.0,128.0
35.125,27.0,8.3375,1001.625,2015.0,5.0,5.0,129.0
35.125,25.0,6.9625,1001.375,2015.0,5.0,6.0,130.0
34.0,32.625,10.8875,1003.625,2015.0,5.0,0.0,131.0
33.125,46.0,6.0375000000000005,1004.875,2015.0,5.0,1.0,132.0
27.75,61.0,6.7125,1006.125,2015.0,5.0,2.0,133.0
29.625,49.625,4.4125,1007.25,2015.0,5.0,3.0,134.0
28.5,52.125,7.175000000000001,1006.5,2015.0,5.0,4.0,135.0
30.0,51.625,4.1625,1003.25,2015.0,5.0,5.0,136.0
33.25,40.375,8.35,1001.125,2015.0,5.0,6.0,137.0
35.375,35.75,5.562500000000001,1000.0,2015.0,5.0,0.0,138.0
31.5,44.0,14.812500000000002,1002.125,2015.0,5.0,1.0,139.0
33.125,31.625,14.6,1002.0,2015.0,5.0,2.0,140.0
35.625,24.625,11.3375,1000.375,2015.0,5.0,3.0,141.0
36.25,19.5,12.5125,998.125,2015.0,5.0,4.0,142.0
37.375,21.75,12.725,996.125,2015.0,5.0,5.0,143.0
36.0,29.25,5.1000000000000005,997.375,2015.0,5.0,6.0,144.0
37.75,22.25,10.875,996.875,2015.0,5.0,0.0,145.0
35.25,26.625,17.125,1001.5,2015.0,5.0,1.0,146.0
33.75,20.5,6.7125,1001.25,2015.0,5.0,2.0,147.0
34.75,29.5,8.3375,1000.625,2015.0,5.0,3.0,148.0
35.125,27.25,8.125,1001.625,2015.0,5.0,4.0,149.0
32.25,38.75,12.2625,1003.875,2015.0,5.0,5.0,150.0
34.25,25.0,14.5875,1001.75,2015.0,5.0,6.0,151.0
29.375,41.75,12.5125,1003.25,2015.0,6.0,0.0,152.0
31.625,39.25,8.575,1003.5,2015.0,6.0,1.0,153.0
28.625,50.5,6.7250000000000005,1004.625,2015.0,6.0,2.0,154.0
31.875,48.375,4.8625,1004.0,2015.0,6.0,3.0,155.0
32.625,39.875,6.0125,1003.5,2015.0,6.0,4.0,156.0
33.375,39.75,7.862500000000001,1001.375,2015.0,6.0,5.0,157.0
35.0,36.25,7.175000000000001,999.25,2015.0,6.0,6.0,158.0
36.5,33.0,6.25,998.875,2015.0,6.0,0.0,159.0
37.625,23.875,18.75,998.875,2015.0,6.0,1.0,160.0
36.625,32.285714285714285,18.05,999.625,2015.0,6.0,2.0,161.0
35.625,34.75,18.2875,1000.0,2015.0,6.0,3.0,162.0
35.875,34.625,12.7375,998.5,2015.0,6.0,4.0,163.0
31.125,48.125,10.1875,998.8571428571428,2015.0,6.0,5.0,164.0
27.0,77.625,3.95,1000.2857142857144,2015.0,6.0,6.0,165.0
31.0,60.75,3.0125,999.5714285714286,2015.0,6.0,0.0,166.0
32.375,52.125,2.7875,999.1428571428572,2015.0,6.0,1.0,167.0
33.875,49.75,3.25,998.0,2015.0,6.0,2.0,168.0
35.125,45.125,3.0125,997.625,2015.0,6.0,3.0,169.0
35.875,46.75,8.575,996.25,2015.0,6.0,4.0,170.0
33.125,48.5,12.975,997.875,2015.0,6.0,5.0,171.0
30.375,63.625,8.1125,998.125,2015.0,6.0,6.0,172.0
32.125,59.5,4.4,995.625,2015.0,6.0,0.0,173.0
31.5,61.625,6.012500000000001,995.0,2015.0,6.0,1.0,174.0
37.25,63.875,6.5,995.375,2015.0,6.0,2.0,175.0
26.625,82.75,6.2625,994.75,2015.0,6.0,3.0,176.0
31.125,54.25,11.5625,995.25,2015.0,6.0,4.0,177.0
32.625,48.25,14.1125,997.125,2015.0,6.0,5.0,178.0
34.25,47.5,9.0375,1000.2857142857144,2015.0,6.0,6.0,179.0
31.125,56.625,11.562500000000002,1003.625,2015.0,6.0,0.0,180.0
30.875,58.625,9.9625,1002.625,2015.0,6.0,1.0,181.0
32.0,53.25,4.175000000000001,1001.875,2015.0,7.0,2.0,182.0
33.75,45.875,6.949999999999999,1001.125,2015.0,7.0,3.0,183.0
33.0,49.0,14.35,999.625,2015.0,7.0,4.0,184.0
34.125,51.5,16.900000000000002,997.5,2015.0,7.0,5.0,185.0
35.714285714285715,47.285714285714285,14.014285714285714,995.4285714285714,2015.0,7.0,6.0,186.0
27.875,83.25,9.275,997.875,2015.0,7.0,0.0,187.0
28.125,86.125,1.85,998.125,2015.0,7.0,1.0,188.0
31.25,72.0,2.7750000000000004,998.625,2015.0,7.0,2.0,189.0
29.625,77.25,2.55,998.625,2015.0,7.0,3.0,190.0
26.625,92.125,6.025,998.75,2015.0,7.0,4.0,191.0
25.5,98.0,3.2375000000000003,999.3333333333334,2015.0,7.0,5.0,192.0
25.5,94.75,7.425000000000001,998.625,2015.0,7.0,6.0,193.0
29.875,73.125,4.8625,1000.625,2015.0,7.0,0.0,194.0
30.875,67.875,10.875,997.8571428571428,2015.0,7.0,1.0,195.0
33.375,52.875,17.137500000000003,993.75,2015.0,7.0,2.0,196.0
31.75,61.375,13.437499999999998,994.75,2015.0,7.0,3.0,197.0
30.75,75.625,4.4,997.25,2015.0,7.0,4.0,198.0
29.5,78.875,4.175,998.0,2015.0,7.0,5.0,199.0
30.125,70.0,0.7,997.625,2015.0,7.0,6.0,200.0
29.125,78.0,4.8625,999.125,2015.0,7.0,0.0,201.0
31.375,69.25,8.125,1000.0,2015.0,7.0,1.0,202.0
32.25,64.125,7.875000000000002,1001.125,2015.0,7.0,2.0,203.0
32.125,64.875,8.575000000000001,1001.75,2015.0,7.0,3.0,204.0
32.0,64.75,6.7125,1001.0,2015.0,7.0,4.0,205.0
30.857142857142858,71.0,19.9125,998.5714285714286,2015.0,7.0,5.0,206.0
30.0,71.625,16.8875,998.875,2015.0,7.0,6.0,207.0
29.625,69.0,11.3375,1000.2857142857144,2015.0,7.0,0.0,208.0
29.5,61.0,11.5875,1000.125,2015.0,7.0,1.0,209.0
28.5,68.125,10.875,998.0,2015.0,7.0,2.0,210.0
29.0,67.75,9.9625,998.875,2015.0,7.0,3.0,211.0
29.0,71.0,4.175000000000001,999.75,2015.0,7.0,4.0,212.0
28.25,71.75,0.925,1002.75,2015.0,8.0,5.0,213.0
29.625,69.5,2.55,1003.625,2015.0,8.0,6.0,214.0
31.5,58.625,5.325,1001.875,2015.0,8.0,0.0,215.0
29.428571428571427,77.78571428571429,4.771428571428572,1000.0714285714286,2015.0,8.0,1.0,216.0
29.59375,79.65625,8.221875,1000.28125,2015.0,8.0,2.0,217.0
29.5,79.125,3.0250000000000004,998.0,2015.0,8.0,3.0,218.0
29.25,83.0,2.3125,1000.0,2015.0,8.0,4.0,219.0
28.875,84.875,1.625,1002.0,2015.0,8.0,5.0,220.0
27.375,90.125,3.0125,1000.25,2015.0,8.0,6.0,221.0
30.375,77.0,0.0,1000.0,2015.0,8.0,0.0,222.0
28.375,86.625,0.4625,1003.0,2015.0,8.0,1.0,223.0
30.75,74.25,0.0,1003.125,2015.0,8.0,2.0,224.0
32.0,69.5,0.4625,1001.875,2015.0,8.0,3.0,225.0
30.875,72.625,3.475,1002.0,2015.0,8.0,4.0,226.0
28.5,85.5,0.0,1002.75,2015.0,8.0,5.0,227.0
28.625,82.625,1.85,1002.875,2015.0,8.0,6.0,228.0
30.75,72.625,0.7,1001.375,2015.0,8.0,0.0,229.0
29.125,72.875,4.875,1002.5714285714286,2015.0,8.0,1.0,230.0
31.25,61.25,33.325,1002.375,2015.0,8.0,2.0,231.0
30.75,58.625,14.6,1001.375,2015.0,8.0,3.0,232.0
29.375,72.0,8.575,1002.0,2015.0,8.0,4.0,233.0
30.25,65.375,5.800000000000001,1000.875,2015.0,8.0,5.0,234.0
29.875,69.375,5.5625,1000.8571428571428,2015.0,8.0,6.0,235.0
30.75,65.625,7.1875,1001.75,2015.0,8.0,0.0,236.0
32.0,57.285714285714285,10.071428571428571,1001.0,2015.0,8.0,1.0,237.0
32.0,61.0,4.862500000000001,1001.125,2015.0,8.0,2.0,238.0
32.5,61.0,5.325000000000001,1002.0,2015.0,8.0,3.0,239.0
32.0,63.5,2.3125,1002.25,2015.0,8.0,4.0,240.0
32.25,58.0,5.812500000000001,1001.375,2015.0,8.0,5.0,241.0
32.625,56.5,9.275,1001.375,2015.0,8.0,6.0,242.0
31.857142857142858,54.42857142857143,13.485714285714286,1001.8333333333334,2015.0,8.0,0.0,243.0
32.125,47.625,15.275,1000.8571428571428,2015.0,9.0,1.0,244.0
31.875,45.625,12.7375,1001.75,2015.0,9.0,2.0,245.0
31.625,49.125,10.1875,1005.5,2015.0,9.0,3.0,246.0
32.0,42.625,11.35,1007.875,2015.0,9.0,4.0,247.0
30.875,47.25,7.637499999999999,1007.125,2015.0,9.0,5.0,248.0
31.25,41.8,7.6375,1006.25,2015.0,9.0,6.0,249.0
31.5,46.375,9.4875,1005.75,2015.0,9.0,0.0,250.0
31.625,47.0,11.8125,1005.5,2015.0,9.0,1.0,251.0
31.0,47.875,10.1875,1005.625,2015.0,9.0,2.0,252.0
31.25,46.5,8.575000000000001,1006.75,2015.0,9.0,3.0,253.0
30.75,49.75,6.012499999999999,1006.25,2015.0,9.0,4.0,254.0
32.142857142857146,54.42857142857143,3.171428571428572,1006.0,2015.0,9.0,5.0,255.0
32.125,55.25,1.3875000000000002,1005.875,2015.0,9.0,6.0,256.0
31.875,54.375,2.55,1003.625,2015.0,9.0,0.0,257.0
33.0,55.0,0.4625,1003.25,2015.0,9.0,1.0,258.0
32.375,55.0,1.4,1003.625,2015.0,9.0,2.0,259.0
31.375,58.375,1.1625,1004.375,2015.0,9.0,3.0,260.0
31.0,67.625,7.4125,1005.125,2015.0,9.0,4.0,261.0
30.625,74.25,2.0875000000000004,1003.625,2015.0,9.0,5.0,262.0
29.142857142857142,69.14285714285714,5.557142857142858,1002.8571428571428,2015.0,9.0,6.0,263.0
30.125,64.5,5.800000000000002,1002.5,2015.0,9.0,0.0,264.0
30.25,64.375,10.187499999999998,1002.5,2015.0,9.0,1.0,265.0
28.625,61.25,13.675,1006.375,2015.0,9.0,2.0,266.0
28.25,52.375,11.575,1004.625,2015.0,9.0,3.0,267.0
28.5,49.375,8.575,1003.75,2015.0,9.0,4.0,268.0
29.25,53.5,6.25,1005.25,2015.0,9.0,5.0,269.0
28.714285714285715,58.142857142857146,2.9142857142857146,1007.0,2015.0,9.0,6.0,270.0
28.25,58.5,3.9375,1009.0,2015.0,9.0,0.0,271.0
29.0,54.57142857142857,9.528571428571428,1010.5714285714286,2015.0,9.0,1.0,272.0
29.0,46.875,8.3375,1011.375,2015.0,9.0,2.0,273.0
28.125,51.25,5.574999999999999,1012.0,2015.0,10.0,3.0,274.0
28.285714285714285,53.71428571428572,14.5875,1010.75,2015.0,10.0,4.0,275.0
30.0,52.333333333333336,18.785714285714285,1008.7142857142856,2015.0,10.0,5.0,276.0
29.0,54.375,3.0250000000000004,1008.125,2015.0,10.0,6.0,277.0
28.875,59.375,1.3875000000000002,1009.25,2015.0,10.0,0.0,278.0
28.375,61.125,4.6375,1009.0,2015.0,10.0,1.0,279.0
28.625,65.75,6.4750000000000005,1009.125,2015.0,10.0,2.0,280.0
28.375,65.125,4.4125000000000005,1007.5,2015.0,10.0,3.0,281.0
28.5,59.75,6.025,1004.25,2015.0,10.0,4.0,282.0
28.5,54.625,6.7125,1005.0,2015.0,10.0,5.0,283.0
28.571428571428573,51.57142857142857,6.885714285714286,1008.7142857142856,2015.0,10.0,6.0,284.0
29.25,54.125,3.25,1010.0,2015.0,10.0,0.0,285.0
29.5,62.875,3.725000000000001,1011.0,2015.0,10.0,1.0,286.0
28.125,63.625,4.875000000000001,1013.25,2015.0,10.0,2.0,287.0
27.5,66.0,0.4625,1013.5,2015.0,10.0,3.0,288.0
27.875,62.625,0.925,1013.5,2015.0,10.0,4.0,289.0
28.0,63.75,3.7125,1012.25,2015.0,10.0,5.0,290.0
26.857142857142858,71.71428571428571,11.1125,1013.125,2015.0,10.0,6.0,291.0
28.142857142857142,66.28571428571429,3.4571428571428577,1011.7142857142856,2015.0,10.0,0.0,292.0
27.714285714285715,64.85714285714286,2.9142857142857146,1009.8571428571428,2015.0,10.0,1.0,293.0
26.5,62.125,2.0875,1011.875,2015.0,10.0,2.0,294.0
24.75,56.0,4.4,1012.25,2015.0,10.0,3.0,295.0
24.0,51.625,4.862500000000001,1011.875,2015.0,10.0,4.0,296.0
24.875,53.25,1.4,1011.625,2015.0,10.0,5.0,297.0
26.375,47.125,5.575,1012.75,2015.0,10.0,6.0,298.0
25.625,52.125,5.574999999999999,1014.875,2015.0,10.0,0.0,299.0
24.75,54.25,3.475,1013.875,2015.0,10.0,1.0,300.0
20.875,57.25,7.875000000000001,1015.875,2015.0,10.0,2.0,301.0
22.125,63.5,1.85,1016.875,2015.0,10.0,3.0,302.0
22.375,67.25,1.625,1016.375,2015.0,10.0,4.0,303.0
22.375,69.375,1.1625,1016.125,2015.0,10.0,5.0,304.0
22.875,70.5,0.925,1016.25,2015.0,11.0,6.0,305.0
23.375,71.375,0.4625,1015.875,2015.0,11.0,0.0,306.0
24.0,67.875,0.475,1014.25,2015.0,11.0,1.0,307.0
23.75,69.0,0.925,1012.25,2015.0,11.0,2.0,308.0
22.125,75.25,5.100000000000001,1012.375,2015.0,11.0,3.0,309.0
22.875,74.375,2.325,1012.75,2015.0,11.0,4.0,310.0
21.875,74.875,1.1625,1014.625,2015.0,11.0,5.0,311.0
21.875,70.25,1.8625,1015.875,2015.0,11.0,6.0,312.0
21.75,73.625,0.7,1015.0,2015.0,11.0,0.0,313.0
22.75,72.625,0.7,1013.5,2015.0,11.0,1.0,314.0
21.875,59.5,4.6375,1014.375,2015.0,11.0,2.0,315.0
21.875,60.5,5.7875,1015.375,2015.0,11.0,3.0,316.0
22.375,59.375,5.325,1014.875,2015.0,11.0,4.0,317.0
22.375,59.625,3.475,1012.0,2015.0,11.0,5.0,318.0
22.5,62.0,0.0,1012.0,2015.0,11.0,6.0,319.0
21.875,50.375,2.7875,1012.625,2015.0,11.0,0.0,320.0
19.875,48.375,5.1000000000000005,1013.5,2015.0,11.0,1.0,321.0
18.5,57.625,4.4,1016.375,2015.0,11.0,2.0,322.0
18.5,64.75,0.925,1017.5,2015.0,11.0,3.0,323.0
18.5,66.0,0.4625,1016.125,2015.0,11.0,4.0,324.0
18.75,67.625,1.3875000000000002,1015.5,2015.0,11.0,5.0,325.0
18.625,64.875,0.4625,1015.125,2015.0,11.0,6.0,326.0
17.0,73.5,0.0,1015.875,2015.0,11.0,0.0,327.0
18.5,63.0,1.625,1016.0,2015.0,11.0,1.0,328.0
19.375,56.375,5.7875000000000005,1014.75,2015.0,11.0,2.0,329.0
20.0,59.5,0.925,1012.75,2015.0,11.0,3.0,330.0
18.5,66.25,2.55,1011.25,2015.0,11.0,4.0,331.0
18.75,82.125,1.1625,1015.375,2015.0,11.0,5.0,332.0
18.125,81.25,1.1625,1018.0,2015.0,11.0,6.0,333.0
19.5,82.375,0.925,1016.75,2015.0,11.0,0.0,334.0
19.25,78.75,1.625,1014.75,2015.0,12.0,1.0,335.0
18.125,72.125,2.0875,1016.125,2015.0,12.0,2.0,336.0
17.625,70.25,7.1875,1016.0,2015.0,12.0,3.0,337.0
17.625,67.5,4.6375,1015.0,2015.0,12.0,4.0,338.0
17.5,72.375,0.925,1015.875,2015.0,12.0,5.0,339.0
17.125,75.875,1.4,1016.5,2015.0,12.0,6.0,340.0
17.625,76.875,2.3125,1017.25,2015.0,12.0,0.0,341.0
18.428571428571427,71.28571428571429,1.0571428571428572,1015.7142857142856,2015.0,12.0,1.0,342.0
18.375,78.125,3.475,1015.25,2015.0,12.0,2.0,343.0
19.0,77.25,2.0875000000000004,1011.75,2015.0,12.0,3.0,344.0
17.25,77.875,5.1000000000000005,1011.375,2015.0,12.0,4.0,345.0
13.25,91.0,4.4,1014.25,2015.0,12.0,5.0,346.0
12.875,67.0,3.475,1016.5,2015.0,12.0,6.0,347.0
13.25,63.625,7.400000000000001,1017.0,2015.0,12.0,0.0,348.0
13.125,63.875,5.325,1016.5,2015.0,12.0,1.0,349.0
13.0,65.5,1.1625,1016.375,2015.0,12.0,2.0,350.0
12.25,73.625,0.925,1016.875,2015.0,12.0,3.0,351.0
12.875,71.25,4.4,1018.625,2015.0,12.0,4.0,352.0
12.375,71.875,3.4875,1019.0,2015.0,12.0,5.0,353.0
11.75,70.25,1.1625,1018.5,2015.0,12.0,6.0,354.0
12.625,74.75,1.3875000000000002,1018.875,2015.0,12.0,0.0,355.0
12.0,79.875,0.7,1020.875,2015.0,12.0,1.0,356.0
12.5,81.375,3.4875000000000003,1020.625,2015.0,12.0,2.0,357.0
11.25,68.625,6.025,1021.25,2015.0,12.0,3.0,358.0
11.5,66.125,5.5625,1022.0,2015.0,12.0,4.0,359.0
12.75,64.5,6.4875,1021.125,2015.0,12.0,5.0,360.0
15.375,63.25,7.8875,1020.625,2015.0,12.0,6.0,361.0
17.125,58.125,10.8875,1020.875,2015.0,12.0,0.0,362.0
16.375,65.0,7.4125,1018.125,2015.0,12.0,1.0,363.0
15.5,71.75,2.1,1017.5,2015.0,12.0,2.0,364.0
15.0,71.375,2.0875,1020.5,2015.0,12.0,3.0,365.0
14.714285714285714,72.28571428571429,1.0571428571428572,1021.1428571428572,2016.0,1.0,4.0,1.0
14.0,75.875,2.0875,1021.0,2016.0,1.0,5.0,2.0
14.375,74.75,5.112500000000001,1018.5,2016.0,1.0,6.0,3.0
15.75,77.125,0.0,1017.625,2016.0,1.0,0.0,4.0
15.833333333333334,88.83333333333333,0.6166666666666667,1017.0,2016.0,1.0,1.0,5.0
17.375,81.625,2.3125,1016.5,2016.0,1.0,2.0,6.0
17.125,87.0,0.0,1018.125,2016.0,1.0,3.0,7.0
15.5,83.25,7.887500000000001,1017.25,2016.0,1.0,4.0,8.0
15.857142857142858,65.14285714285714,8.471428571428572,1015.4285714285714,2016.0,1.0,5.0,9.0
15.625,74.375,2.775,1017.5,2016.0,1.0,6.0,10.0
15.75,74.875,1.625,1017.5,2016.0,1.0,0.0,11.0
18.0,69.6875,6.03125,1014.9375,2016.0,1.0,1.0,12.0
18.266666666666666,75.8,5.08,1014.3333333333334,2016.0,1.0,2.0,13.0
15.5625,80.4375,4.300000000000001,1016.125,2016.0,1.0,3.0,14.0
13.0,84.1875,10.775,1017.0,2016.0,1.0,4.0,15.0
13.6,80.06666666666666,11.239999999999998,1014.6,2016.0,1.0,5.0,16.0
14.0,77.66666666666667,2.1066666666666665,1016.2,2016.0,1.0,6.0,17.0
13.266666666666667,80.46666666666667,1.4800000000000002,1014.7333333333332,2016.0,1.0,0.0,18.0
12.357142857142858,88.57142857142857,4.65,1015.2857142857144,2016.0,1.0,1.0,19.0
12.066666666666666,84.2,6.193333333333333,1018.6666666666666,2016.0,1.0,2.0,20.0
12.1875,73.1875,7.887499999999998,1020.1875,2016.0,1.0,3.0,21.0
11.733333333333333,83.4,3.586666666666667,1019.4666666666668,2016.0,1.0,4.0,22.0
14.4375,75.875,3.2500000000000004,1019.8125,2016.0,1.0,5.0,23.0
11.1875,86.25,6.624999999999999,1019.0625,2016.0,1.0,6.0,24.0
11.666666666666666,75.4,4.58,1017.2,2016.0,1.0,0.0,25.0
14.5625,79.6875,2.5500000000000003,1015.375,2016.0,1.0,1.0,26.0
17.583333333333332,69.16666666666667,4.025,1014.1666666666666,2016.0,1.0,2.0,27.0
16.857142857142858,69.35714285714286,5.028571428571429,1015.0714285714286,2016.0,1.0,3.0,28.0
19.5625,70.625,2.54375,1017.375,2016.0,1.0,4.0,29.0
20.142857142857142,78.5,1.2,1014.5,2016.0,1.0,5.0,30.0
17.375,78.25,7.762500000000001,1016.0,2016.0,1.0,6.0,31.0
15.846153846153848,65.76923076923077,7.269230769230768,1017.1538461538462,2016.0,2.0,0.0,32.0
15.266666666666667,55.86666666666667,8.893333333333333,1018.2,2016.0,2.0,1.0,33.0
13.125,66.5,7.622222222222222,1018.0,2016.0,2.0,2.0,34.0
16.363636363636363,53.0,6.941666666666666,1017.3333333333334,2016.0,2.0,3.0,35.0
12.666666666666666,70.66666666666667,2.1666666666666665,1016.8333333333334,2016.0,2.0,4.0,36.0
15.333333333333334,69.5,3.7,1013.3333333333334,2016.0,2.0,5.0,37.0
15.625,77.0,2.7875,1015.75,2016.0,2.0,6.0,38.0
17.09090909090909,67.18181818181819,5.9,1017.0909090909092,2016.0,2.0,0.0,39.0
17.76923076923077,67.46153846153847,5.846153846153848,1014.6923076923076,2016.0,2.0,1.0,40.0
18.133333333333333,64.86666666666666,2.1,1012.7333333333332,2016.0,2.0,2.0,41.0
19.6875,54.75,6.03125,1011.25,2016.0,2.0,3.0,42.0
19.2,57.86666666666667,0.7466666666666666,1012.5333333333332,2016.0,2.0,4.0,43.0
17.066666666666666,62.13333333333333,5.806666666666668,1014.8666666666668,2016.0,2.0,5.0,44.0
17.642857142857142,61.92857142857143,8.071428571428571,1017.2142857142856,2016.0,2.0,6.0,45.0
17.6,59.53333333333333,5.94,1018.7333333333332,2016.0,2.0,0.0,46.0
18.214285714285715,56.142857142857146,5.435714285714285,1020.0714285714286,2016.0,2.0,1.0,47.0
18.714285714285715,59.285714285714285,3.7071428571428577,1019.1428571428572,2016.0,2.0,2.0,48.0
19.466666666666665,76.0,5.186666666666667,1017.4,2016.0,2.0,3.0,49.0
23.153846153846157,70.23076923076923,4.146153846153847,1014.6153846153846,2016.0,2.0,4.0,50.0
23.625,73.125,11.11875,1014.125,2016.0,2.0,5.0,51.0
21.0,61.125,17.137500000000003,1014.75,2016.0,2.0,6.0,52.0
21.0,51.42857142857143,15.20714285714286,1014.4285714285714,2016.0,2.0,0.0,53.0
21.428571428571427,50.642857142857146,9.785714285714286,1012.5,2016.0,2.0,1.0,54.0
21.6875,58.0625,2.4437500000000005,1012.9375,2016.0,2.0,2.0,55.0
22.5625,57.5,5.3375,1015.5,2016.0,2.0,3.0,56.0
22.8,55.6,2.48,1018.4,2016.0,2.0,4.0,57.0
22.8,59.0,3.333333333333334,1018.4666666666668,2016.0,2.0,5.0,58.0
23.0,63.0625,3.712500000000001,1018.9375,2016.0,2.0,6.0,59.0
23.875,63.9375,3.712500000000001,1018.625,2016.0,2.0,0.0,60.0
24.916666666666668,57.41666666666666,1.7,1015.0,2016.0,3.0,1.0,61.0
24.933333333333334,57.06666666666667,1.7333333333333334,1015.4,2016.0,3.0,2.0,62.0
26.0,55.61538461538461,4.292307692307692,1014.6153846153846,2016.0,3.0,3.0,63.0
27.3125,44.25,6.14375,1012.6875,2016.0,3.0,4.0,64.0
23.933333333333334,57.13333333333333,11.0,1012.6666666666666,2016.0,3.0,5.0,65.0
22.8125,66.5625,5.21875,1013.0625,2016.0,3.0,6.0,66.0
23.714285714285715,64.14285714285714,5.171428571428572,1012.3571428571428,2016.0,3.0,0.0,67.0
23.428571428571427,60.21428571428572,6.742857142857142,1011.6428571428572,2016.0,3.0,1.0,68.0
24.0,57.5625,9.375,1012.0625,2016.0,3.0,2.0,69.0
25.5625,57.4375,7.981249999999999,1013.1875,2016.0,3.0,3.0,70.0
25.066666666666663,67.8,6.546666666666667,1012.5333333333332,2016.0,3.0,4.0,71.0
24.5625,66.9375,9.4875,1009.5625,2016.0,3.0,5.0,72.0
24.25,65.1875,6.84375,1011.1875,2016.0,3.0,6.0,73.0
22.375,66.0,6.275,1014.3125,2016.0,3.0,0.0,74.0
24.066666666666663,58.93333333333333,8.646666666666667,1014.8666666666668,2016.0,3.0,1.0,75.0
23.9375,53.75,10.88125,1012.8125,2016.0,3.0,2.0,76.0
26.3125,50.3125,6.84375,1010.4375,2016.0,3.0,3.0,77.0
26.1875,61.25,6.7125,1009.8125,2016.0,3.0,4.0,78.0
26.785714285714285,61.85714285714285,3.578571428571429,1009.2142857142856,2016.0,3.0,5.0,79.0
27.133333333333333,58.73333333333333,2.8466666666666667,1010.3333333333334,2016.0,3.0,6.0,80.0
26.625,43.375,12.2625,1011.125,2016.0,3.0,0.0,81.0
25.0625,37.875,22.1,1009.375,2016.0,3.0,1.0,82.0
26.2,43.266666666666666,10.641666666666667,1010.0,2016.0,3.0,2.0,83.0
28.133333333333333,46.86666666666667,3.2133333333333334,1013.3333333333334,2016.0,3.0,3.0,84.0
29.875,50.1875,3.3687500000000004,1013.1875,2016.0,3.0,4.0,85.0
24.666666666666668,62.66666666666666,9.393333333333334,1013.6,2016.0,3.0,5.0,86.0
26.25,53.6875,9.156249999999996,1012.8125,2016.0,3.0,6.0,87.0
25.933333333333334,52.8,6.546666666666667,7679.333333333333,2016.0,3.0,0.0,88.0
27.125,47.75,7.293749999999999,1011.3125,2016.0,3.0,1.0,89.0
29.571428571428573,39.785714285714285,7.021428571428571,1011.1428571428572,2016.0,3.0,2.0,90.0
30.0,39.73333333333333,4.333333333333333,1009.2,2016.0,3.0,3.0,91.0
30.571428571428573,38.21428571428572,12.035714285714285,1006.7142857142856,2016.0,4.0,4.0,92.0
32.3125,38.5625,5.4625,1008.0,2016.0,4.0,5.0,93.0
33.3125,44.25,2.55,1008.375,2016.0,4.0,6.0,94.0
32.8125,33.125,8.0,1006.6875,2016.0,4.0,0.0,95.0
32.3125,29.3125,9.26875,1007.0,2016.0,4.0,1.0,96.0
31.375,33.125,3.475,1006.875,2016.0,4.0,2.0,97.0
29.933333333333334,37.0,10.85,1007.2666666666668,2016.0,4.0,3.0,98.0
29.266666666666666,36.0,4.686666666666667,1009.2,2016.0,4.0,4.0,99.0
30.73333333333333,32.46666666666667,12.61875,1009.3125,2016.0,4.0,5.0,100.0
32.25,29.0,5.225,1008.8125,2016.0,4.0,6.0,101.0
29.8,35.0,16.04,1009.4,2016.0,4.0,0.0,102.0
30.2,36.2,19.380000000000003,1006.3333333333334,2016.0,4.0,1.0,103.0
31.75,28.0625,18.64375,1003.3125,2016.0,4.0,2.0,104.0
33.125,23.875,10.425,1003.8125,2016.0,4.0,3.0,105.0
33.625,25.375,9.8375,1004.625,2016.0,4.0,4.0,106.0
35.6875,23.6875,11.1125,1003.0625,2016.0,4.0,5.0,107.0
34.666666666666664,23.866666666666667,9.386666666666663,1002.6666666666666,2016.0,4.0,6.0,108.0
34.625,30.125,7.175,1004.6875,2016.0,4.0,0.0,109.0
34.0,33.6,4.566666666666666,1005.8666666666668,2016.0,4.0,1.0,110.0
34.0625,25.9375,14.01875,1006.4375,2016.0,4.0,2.0,111.0
34.0,24.666666666666668,15.75,1003.4,2016.0,4.0,3.0,112.0
33.25,24.25,8.35,1001.7272727272727,2016.0,4.0,4.0,113.0
31.916666666666668,21.818181818181817,19.65384615384616,1001.8461538461538,2016.0,4.0,5.0,114.0
31.3125,22.125,10.1875,1003.0625,2016.0,4.0,6.0,115.0
31.75,22.8125,6.949999999999999,1005.5625,2016.0,4.0,0.0,116.0
33.4375,25.1875,3.83125,1007.1875,2016.0,4.0,1.0,117.0
33.125,29.0625,4.981249999999999,1005.6875,2016.0,4.0,2.0,118.0
34.15384615384615,21.76923076923077,11.823076923076922,1004.6923076923076,2016.0,4.0,3.0,119.0
34.07142857142857,23.285714285714285,9.123076923076924,1005.7142857142856,2016.0,4.0,4.0,120.0
33.0625,25.5625,5.2125,1004.8125,2016.0,4.0,5.0,121.0
34.6875,23.375,8.575,1002.4375,2016.0,5.0,6.0,122.0
38.0,18.466666666666665,9.513333333333334,1002.2,2016.0,5.0,0.0,123.0
35.5,30.375,6.49375,1004.3125,2016.0,5.0,1.0,124.0
33.714285714285715,31.857142857142858,10.464285714285715,1003.7857142857144,2016.0,5.0,2.0,125.0
30.6,42.0,11.246666666666666,1007.4666666666668,2016.0,5.0,3.0,126.0
31.4375,37.4375,8.225,1007.0,2016.0,5.0,4.0,127.0
33.3125,37.1875,4.65,1005.5625,2016.0,5.0,5.0,128.0
35.13333333333333,36.333333333333336,7.293333333333332,1005.9333333333332,2016.0,5.0,6.0,129.0
33.53333333333333,40.6,18.425,1006.0625,2016.0,5.0,0.0,130.0
34.0,39.75,10.55625,1006.5625,2016.0,5.0,1.0,131.0
32.5,49.9375,7.774999999999999,1006.0625,2016.0,5.0,2.0,132.0
35.375,40.0,5.1,1002.25,2016.0,5.0,3.0,133.0
37.294117647058826,28.11764705882353,8.07058823529412,1001.3529411764706,2016.0,5.0,4.0,134.0
36.5625,31.875,4.16875,1003.125,2016.0,5.0,5.0,135.0
37.25,29.5,4.75,1003.5625,2016.0,5.0,6.0,136.0
37.21428571428572,23.5,9.019999999999998,1000.8,2016.0,5.0,0.0,137.0
37.5,25.8125,9.6125,998.9375,2016.0,5.0,1.0,138.0
37.75,27.625,8.45,997.8125,2016.0,5.0,2.0,139.0
37.375,40.5,9.3875,998.625,2016.0,5.0,3.0,140.0
37.4,44.2,8.413333333333334,996.9333333333332,2016.0,5.0,4.0,141.0
36.13333333333333,45.4,10.873333333333331,995.9333333333332,2016.0,5.0,5.0,142.0
36.8,44.8,6.553333333333333,996.4666666666668,2016.0,5.0,6.0,143.0
32.214285714285715,47.92857142857143,14.95,999.5714285714286,2016.0,5.0,0.0,144.0
31.526315789473685,53.526315789473685,8.494736842105263,1000.7368421052632,2016.0,5.0,1.0,145.0
33.21739130434783,46.60869565217392,10.160869565217393,997.4782608695652,2016.0,5.0,2.0,146.0
35.26923076923077,44.57692307692308,15.17692307692308,999.1538461538462,2016.0,5.0,3.0,147.0
38.27272727272727,26.09090909090909,15.31818181818182,999.9545454545456,2016.0,5.0,4.0,148.0
36.0625,37.25,14.405555555555551,999.8333333333334,2016.0,5.0,5.0,149.0
31.5,57.0625,11.68125,1001.25,2016.0,5.0,6.0,150.0
26.8125,74.8125,9.4875,1003.8125,2016.0,5.0,0.0,151.0
32.642857142857146,51.21428571428572,7.4071428571428575,1002.3076923076924,2016.0,5.0,1.0,152.0
36.0,42.2,9.133333333333336,1002.7333333333332,2016.0,6.0,2.0,153.0
37.5625,35.3125,11.93125,1002.0,2016.0,6.0,3.0,154.0
37.5625,40.6875,2.7812500000000004,1002.25,2016.0,6.0,4.0,155.0
38.2,42.06666666666667,3.2066666666666666,1001.8666666666668,2016.0,6.0,5.0,156.0
36.16666666666666,51.75,8.5,1002.8333333333334,2016.0,6.0,6.0,157.0
35.42857142857143,45.71428571428572,11.0,1001.5714285714286,2016.0,6.0,0.0,158.0
34.625,59.1875,21.30625,1002.0625,2016.0,6.0,1.0,159.0
36.07142857142857,44.642857142857146,8.485714285714284,999.2142857142856,2016.0,6.0,2.0,160.0
35.733333333333334,43.73333333333333,9.26,938.0666666666668,2016.0,6.0,3.0,161.0
36.13333333333333,41.86666666666667,10.08125,998.25,2016.0,6.0,4.0,162.0
33.4375,49.9375,8.812500000000002,999.0,2016.0,6.0,5.0,163.0
35.5,37.125,9.1625,998.8125,2016.0,6.0,6.0,164.0
36.0,43.3125,12.85,998.1875,2016.0,6.0,0.0,165.0
32.625,55.125,11.859999999999998,997.8125,2016.0,6.0,1.0,166.0
34.733333333333334,48.86666666666667,10.513333333333332,996.1333333333332,2016.0,6.0,2.0,167.0
33.5,51.285714285714285,11.39285714285714,999.0,2016.0,6.0,3.0,168.0
34.1875,52.25,7.425,999.4285714285714,2016.0,6.0,4.0,169.0
35.857142857142854,50.57142857142857,10.857142857142858,1000.8571428571428,2016.0,6.0,5.0,170.0
35.625,53.25,9.387499999999998,1001.375,2016.0,6.0,6.0,171.0
30.9375,73.9375,7.643750000000001,1000.6875,2016.0,6.0,0.0,172.0
32.875,62.1875,8.91875,999.9375,2016.0,6.0,1.0,173.0
33.125,60.8125,7.418750000000001,1001.5625,2016.0,6.0,2.0,174.0
33.84615384615385,51.61538461538461,5.875000000000001,999.6923076923076,2016.0,6.0,3.0,175.0
36.4375,46.5625,7.762499999999999,998.3125,2016.0,6.0,4.0,176.0
35.42857142857143,55.92857142857143,9.664285714285713,1000.0714285714286,2016.0,6.0,5.0,177.0
34.86666666666667,57.46666666666667,7.660000000000001,1000.375,2016.0,6.0,6.0,178.0
34.3125,61.25,7.993749999999999,998.8666666666668,2016.0,6.0,0.0,179.0
30.785714285714285,75.07142857142857,5.435714285714285,1001.5,2016.0,6.0,1.0,180.0
35.375,58.875,8.449999999999998,1001.1875,2016.0,6.0,2.0,181.0
35.46666666666667,60.2,6.793333333333333,997.8666666666668,2016.0,6.0,3.0,182.0
32.125,73.4,8.35,1002.5625,2016.0,7.0,4.0,183.0
28.4,80.0,5.231250000000001,998.375,2016.0,7.0,5.0,184.0
29.5625,78.125,1.96875,998.25,2016.0,7.0,6.0,185.0
30.6875,76.3125,3.481250000000001,997.125,2016.0,7.0,0.0,186.0
33.25,68.6875,5.3375,995.5625,2016.0,7.0,1.0,187.0
33.266666666666666,64.06666666666666,8.878571428571428,996.8666666666668,2016.0,7.0,2.0,188.0
33.5,63.0,5.91875,997.6875,2016.0,7.0,3.0,189.0
30.8,75.86666666666666,5.433333333333335,997.4,2016.0,7.0,4.0,190.0
33.25,66.0625,6.73125,996.75,2016.0,7.0,5.0,191.0
32.5625,65.6875,4.7,996.0625,2016.0,7.0,6.0,192.0
31.5,71.9375,8.046666666666665,997.75,2016.0,7.0,0.0,193.0
30.5,80.1875,5.5625,999.0625,2016.0,7.0,1.0,194.0
31.25,76.3125,6.806666666666667,998.4375,2016.0,7.0,2.0,195.0
30.4375,80.4375,5.21875,998.375,2016.0,7.0,3.0,196.0
31.0,78.0625,7.271428571428571,998.625,2016.0,7.0,4.0,197.0
27.125,93.875,4.371428571428571,999.875,2016.0,7.0,5.0,198.0
28.125,86.5625,6.6000000000000005,1001.3333333333334,2016.0,7.0,6.0,199.0
27.666666666666668,91.26666666666668,7.653333333333333,1000.8,2016.0,7.0,0.0,200.0
32.3125,69.125,13.656249999999998,999.875,2016.0,7.0,1.0,201.0
34.1875,59.5625,12.9625,999.625,2016.0,7.0,2.0,202.0
34.13333333333333,56.86666666666667,11.48,999.2666666666668,2016.0,7.0,3.0,203.0
34.125,56.125,8.687500000000002,999.3333333333334,2016.0,7.0,4.0,204.0
31.875,66.0,7.768750000000001,1001.625,2016.0,7.0,5.0,205.0
31.4375,72.25,2.43125,946.3125,2016.0,7.0,6.0,206.0
31.9375,69.125,2.9125000000000005,1001.875,2016.0,7.0,0.0,207.0
30.3125,82.0,6.485714285714287,1003.125,2016.0,7.0,1.0,208.0
28.3125,88.25,4.293750000000001,1004.625,2016.0,7.0,2.0,209.0
29.53333333333333,81.33333333333333,5.186666666666667,1002.0666666666668,2016.0,7.0,3.0,210.0
27.375,92.4375,2.43125,1000.9375,2016.0,7.0,4.0,211.0
27.33333333333333,92.26666666666668,1.86,1001.2,2016.0,7.0,5.0,212.0
29.266666666666666,83.13333333333334,4.7,1000.6666666666666,2016.0,7.0,6.0,213.0
29.125,84.25,5.9125000000000005,999.125,2016.0,8.0,0.0,214.0
30.6875,72.125,6.375,310.4375,2016.0,8.0,1.0,215.0
32.5625,63.5625,5.45,998.5,2016.0,8.0,2.0,216.0
33.111111111111114,63.888888888888886,7.927777777777779,998.7777777777778,2016.0,8.0,3.0,217.0
33.8,61.66666666666666,4.319999999999999,999.3333333333334,2016.0,8.0,4.0,218.0
30.066666666666663,76.0,6.926666666666667,1000.8,2016.0,8.0,5.0,219.0
33.11764705882353,65.17647058823529,7.852941176470587,1000.529411764706,2016.0,8.0,6.0,220.0
33.80952380952381,62.38095238095238,9.440909090909091,999.6363636363636,2016.0,8.0,0.0,221.0
31.615384615384617,71.65384615384616,9.55,998.5,2016.0,8.0,1.0,222.0
32.0,71.25925925925925,10.159259259259262,999.3703703703704,2016.0,8.0,2.0,223.0
28.107142857142858,89.46428571428571,7.82142857142857,1001.6071428571428,2016.0,8.0,3.0,224.0
29.035714285714285,85.0,3.848148148148149,1002.2857142857144,2016.0,8.0,4.0,225.0
30.321428571428573,77.07142857142857,3.2296296296296303,1001.0714285714286,2016.0,8.0,5.0,226.0
28.933333333333334,83.7,6.369999999999998,633.9,2016.0,8.0,6.0,227.0
31.678571428571427,67.64285714285714,12.725,999.2857142857144,2016.0,8.0,0.0,228.0
31.33333333333333,66.41666666666667,14.66666666666667,-3.0416666666666665,2016.0,8.0,1.0,229.0
29.928571428571427,72.5,6.325,999.5185185185184,2016.0,8.0,2.0,230.0
29.88888888888889,79.81481481481481,1.7222222222222223,999.9230769230768,2016.0,8.0,3.0,231.0
32.07142857142857,68.28571428571429,1.917857142857143,999.8928571428572,2016.0,8.0,4.0,232.0
33.18518518518518,66.48148148148148,10.366666666666667,1000.16,2016.0,8.0,5.0,233.0
31.59259259259259,68.07407407407408,10.022222222222224,1001.1923076923076,2016.0,8.0,6.0,234.0
32.18518518518518,65.55555555555556,8.237037037037037,1002.8888888888888,2016.0,8.0,0.0,235.0
31.48,70.08,6.084,1003.24,2016.0,8.0,1.0,236.0
30.178571428571427,79.28571428571429,8.419230769230769,1002.5,2016.0,8.0,2.0,237.0
31.52,72.44,6.276923076923075,1004.4230769230768,2016.0,8.0,3.0,238.0
31.22222222222222,73.81481481481481,4.392592592592593,1005.2222222222222,2016.0,8.0,4.0,239.0
31.785714285714285,70.28571428571429,7.15,1006.1428571428572,2016.0,8.0,5.0,240.0
33.4,66.24,7.2719999999999985,1006.2,2016.0,8.0,6.0,241.0
29.571428571428573,82.32142857142857,5.825,1003.6071428571428,2016.0,8.0,0.0,242.0
30.04,76.8,8.903846153846153,1002.1923076923076,2016.0,8.0,1.0,243.0
27.25925925925926,89.55555555555556,6.729629629629631,1003.0370370370372,2016.0,8.0,2.0,244.0
27.96,87.24,4.148,1002.44,2016.0,9.0,3.0,245.0
30.73913043478261,71.73913043478261,13.204347826086956,1001.2727272727273,2016.0,9.0,4.0,246.0
30.894736842105264,62.68421052631579,13.263157894736842,1001.157894736842,2016.0,9.0,5.0,247.0
31.692307692307693,59.30769230769231,11.12307692307692,1002.9230769230768,2016.0,9.0,6.0,248.0
31.07692307692308,60.30769230769231,13.961538461538463,1003.2307692307692,2016.0,9.0,0.0,249.0
30.375,55.0,13.437499999999998,1003.75,2016.0,9.0,1.0,250.0
31.1,57.7,9.1,1003.4545454545456,2016.0,9.0,2.0,251.0
31.916666666666668,58.0,10.808333333333332,1005.1666666666666,2016.0,9.0,3.0,252.0
30.55555555555556,56.66666666666666,11.52222222222222,1004.3333333333334,2016.0,9.0,4.0,253.0
31.23076923076923,58.23076923076923,11.969230769230771,1005.2307692307692,2016.0,9.0,5.0,254.0
31.0,56.4,8.15,1003.8,2016.0,9.0,6.0,255.0
31.642857142857142,55.5,10.85,1005.0714285714286,2016.0,9.0,0.0,256.0
32.53333333333333,57.06666666666667,8.526666666666666,1006.4,2016.0,9.0,1.0,257.0
30.857142857142858,70.35714285714286,4.235714285714287,1006.9285714285714,2016.0,9.0,2.0,258.0
31.727272727272727,59.63636363636363,11.9,1004.75,2016.0,9.0,3.0,259.0
31.4,58.0,3.5200000000000005,1004.4,2016.0,9.0,4.0,260.0
32.30769230769231,58.0,2.707692307692308,1003.1538461538462,2016.0,9.0,5.0,261.0
32.25,58.833333333333336,17.908333333333335,1005.0,2016.0,9.0,6.0,262.0
32.375,59.458333333333336,2.0875,1004.7083333333334,2016.0,9.0,0.0,263.0
33.44444444444444,54.07407407407408,2.56923076923077,1003.5185185185184,2016.0,9.0,1.0,264.0
33.36,58.96,6.0920000000000005,1005.4,2016.0,9.0,2.0,265.0
30.03703703703704,67.62962962962963,8.107407407407404,1008.7777777777778,2016.0,9.0,3.0,266.0
31.0,66.10714285714286,3.571428571428573,1005.3214285714286,2016.0,9.0,4.0,267.0
31.24,66.48,5.496153846153845,1352.6153846153843,2016.0,9.0,5.0,268.0
31.130434782608692,62.30434782608695,3.1478260869565218,1004.782608695652,2016.0,9.0,6.0,269.0
31.48,60.88,2.986956521739131,1006.76,2016.0,9.0,0.0,270.0
32.18518518518518,57.81481481481482,1.7807692307692309,1006.7037037037036,2016.0,9.0,1.0,271.0
32.44,55.28,2.5200000000000005,1005.28,2016.0,9.0,2.0,272.0
32.22727272727273,61.31818181818182,3.963636363636364,1005.5909090909092,2016.0,9.0,3.0,273.0
32.214285714285715,59.35714285714285,2.582142857142858,1005.5714285714286,2016.0,9.0,4.0,274.0
32.541666666666664,61.91666666666666,3.170833333333334,1007.5,2016.0,10.0,5.0,275.0
32.81481481481482,61.81481481481482,4.122222222222223,1009.1111111111112,2016.0,10.0,6.0,276.0
33.26923076923077,59.57692307692308,3.992592592592593,1007.1851851851852,2016.0,10.0,0.0,277.0
30.55555555555556,69.81481481481481,5.770370370370371,1005.3703703703704,2016.0,10.0,1.0,278.0
28.83333333333333,71.875,3.325,1005.25,2016.0,10.0,2.0,279.0
30.703703703703702,64.81481481481481,3.2333333333333325,1007.1481481481482,2016.0,10.0,3.0,280.0
30.96,59.96,15.825,1007.2,2016.0,10.0,4.0,281.0
30.6,57.96,8.76153846153846,1006.8461538461538,2016.0,10.0,5.0,282.0
30.92,59.2,3.184000000000001,1005.96,2016.0,10.0,6.0,283.0
29.77777777777778,51.11111111111112,4.807407407407408,1006.1481481481482,2016.0,10.0,0.0,284.0
29.666666666666668,51.14814814814815,8.922222222222224,1006.5925925925926,2016.0,10.0,1.0,285.0
29.571428571428573,47.285714285714285,11.371428571428568,1006.25,2016.0,10.0,2.0,286.0
29.96296296296296,44.0,13.022222222222224,1008.3333333333334,2016.0,10.0,3.0,287.0
29.75,47.875,8.934782608695652,1009.125,2016.0,10.0,4.0,288.0
27.74074074074074,54.14814814814815,6.662962962962963,1010.5185185185184,2016.0,10.0,5.0,289.0
28.428571428571427,49.85714285714285,7.014285714285715,1011.8571428571428,2016.0,10.0,6.0,290.0
28.6,49.24,7.1160000000000005,1010.56,2016.0,10.0,0.0,291.0
28.5,48.458333333333336,7.668181818181818,1009.4583333333334,2016.0,10.0,1.0,292.0
28.925925925925927,49.18518518518518,6.459259259259259,1008.5555555555557,2016.0,10.0,2.0,293.0
29.07692307692308,47.73076923076923,9.124,1007.5384615384615,2016.0,10.0,3.0,294.0
28.40909090909091,50.40909090909091,10.695454545454549,1008.7272727272727,2016.0,10.0,4.0,295.0
29.33333333333333,49.48148148148148,13.323076923076924,1009.3703703703704,2016.0,10.0,5.0,296.0
27.5,54.96153846153846,11.546153846153846,1009.3076923076924,2016.0,10.0,6.0,297.0
28.5,51.42307692307692,11.188461538461535,1008.2692307692308,2016.0,10.0,0.0,298.0
28.04,54.56,12.388461538461542,1008.9230769230768,2016.0,10.0,1.0,299.0
27.57692307692308,56.19230769230769,5.699999999999998,1011.7307692307692,2016.0,10.0,2.0,300.0
26.55555555555556,59.37037037037037,6.044444444444444,1014.6296296296296,2016.0,10.0,3.0,301.0
25.51851851851852,58.77777777777778,7.277777777777777,1012.4074074074074,2016.0,10.0,4.0,302.0
25.814814814814813,62.77777777777778,1.7148148148148148,1013.0,2016.0,10.0,5.0,303.0
24.82608695652174,71.04347826086956,2.0130434782608697,1014.608695652174,2016.0,10.0,6.0,304.0
24.53846153846154,66.8076923076923,1.6423076923076925,1017.8076923076924,2016.0,10.0,0.0,305.0
24.384615384615383,58.73076923076923,2.7153846153846155,1016.3846153846154,2016.0,11.0,1.0,306.0
23.727272727272727,65.9090909090909,1.4318181818181817,1016.5909090909092,2016.0,11.0,2.0,307.0
25.64,59.76,2.2320000000000007,1016.24,2016.0,11.0,3.0,308.0
24.814814814814813,58.2962962962963,4.122222222222222,1012.6296296296296,2016.0,11.0,4.0,309.0
23.115384615384617,66.57692307692308,5.784615384615384,1010.3461538461538,2016.0,11.0,5.0,310.0
22.925925925925927,63.851851851851855,2.411111111111111,1011.5185185185184,2016.0,11.0,6.0,311.0
24.545454545454547,51.31818181818182,8.172727272727274,1012.7727272727273,2016.0,11.0,0.0,312.0
23.73076923076923,52.26923076923077,12.750000000000002,1013.64,2016.0,11.0,1.0,313.0
23.0,49.7037037037037,7.074074074074074,1014.6666666666666,2016.0,11.0,2.0,314.0
23.51851851851852,50.14814814814815,3.225925925925927,1013.8148148148148,2016.0,11.0,3.0,315.0
23.92,54.04,2.968,1014.08,2016.0,11.0,4.0,316.0
23.53846153846154,58.03846153846154,2.7846153846153854,1015.1538461538462,2016.0,11.0,5.0,317.0
24.296296296296298,55.81481481481482,4.4,1016.5185185185184,2016.0,11.0,6.0,318.0
23.346153846153847,60.73076923076923,1.4961538461538462,1015.7307692307692,2016.0,11.0,0.0,319.0
22.24,55.72,4.087999999999999,1016.24,2016.0,11.0,1.0,320.0
21.76923076923077,53.23076923076923,7.138461538461537,1017.5384615384615,2016.0,11.0,2.0,321.0
21.73076923076923,51.73076923076923,11.55,1350.2962962962963,2016.0,11.0,3.0,322.0
21.73076923076923,53.61538461538461,7.7799999999999985,1014.6923076923076,2016.0,11.0,4.0,323.0
20.666666666666668,60.66666666666666,2.8400000000000003,1012.4666666666668,2016.0,11.0,5.0,324.0
22.25,59.9,2.5050000000000003,1013.35,2016.0,11.0,6.0,325.0
21.53846153846154,60.46153846153846,2.7153846153846155,1013.0,2016.0,11.0,0.0,326.0
22.57894736842105,50.1578947368421,7.999999999999998,1012.8947368421052,2016.0,11.0,1.0,327.0
22.82608695652174,51.43478260869565,6.604347826086956,1013.1739130434784,2016.0,11.0,2.0,328.0
21.42105263157895,51.47368421052632,8.289473684210526,1014.9473684210526,2016.0,11.0,3.0,329.0
23.6,30.55,15.085000000000004,1012.95,2016.0,11.0,4.0,330.0
24.294117647058822,32.64705882352941,14.494117647058824,1013.25,2016.0,11.0,5.0,331.0
23.63636363636364,33.63636363636363,12.45909090909091,1013.5909090909092,2016.0,11.0,6.0,332.0
22.454545454545453,37.31818181818182,9.185714285714289,12.045454545454543,2016.0,11.0,0.0,333.0
21.61111111111111,53.72222222222222,1.238888888888889,1015.0,2016.0,11.0,1.0,334.0
19.869565217391305,80.08695652173913,4.269565217391306,1016.608695652174,2016.0,11.0,2.0,335.0
19.75,84.0,2.704166666666667,1016.875,2016.0,12.0,3.0,336.0
19.20833333333333,75.875,4.945833333333334,1017.75,2016.0,12.0,4.0,337.0
21.20833333333333,52.16666666666666,5.866666666666666,1019.3333333333334,2016.0,12.0,5.0,338.0
18.9,55.25,5.666666666666666,1019.7,2016.0,12.0,6.0,339.0
18.63636363636364,56.59090909090909,4.9523809523809526,1017.0454545454544,2016.0,12.0,0.0,340.0
18.53846153846154,69.92307692307692,2.5038461538461543,1017.9615384615385,2016.0,12.0,1.0,341.0
18.25,74.35,0.925,1017.421052631579,2016.0,12.0,2.0,342.0
16.9,73.3,1.765,1016.2,2016.0,12.0,3.0,343.0
19.416666666666668,68.125,1.3125,1013.4166666666666,2016.0,12.0,4.0,344.0
16.444444444444443,82.83333333333333,5.355555555555556,1014.0,2016.0,12.0,5.0,345.0
20.041666666666668,69.58333333333333,4.716666666666667,1013.2916666666666,2016.0,12.0,6.0,346.0
19.90909090909091,63.86363636363637,3.2818181818181817,1014.181818181818,2016.0,12.0,0.0,347.0
19.05,62.35,3.4300000000000006,1015.1,2016.0,12.0,1.0,348.0
18.55555555555556,58.61111111111112,8.027777777777775,1017.3333333333334,2016.0,12.0,2.0,349.0
18.166666666666668,56.625,9.879166666666666,1016.6666666666666,2016.0,12.0,3.0,350.0
15.833333333333334,63.27777777777778,3.9166666666666674,1018.7777777777778,2016.0,12.0,4.0,351.0
17.5,63.388888888888886,6.731578947368422,1016.9473684210526,2016.0,12.0,5.0,352.0
16.083333333333332,64.54166666666667,6.420833333333331,1018.0833333333334,2016.0,12.0,6.0,353.0
17.857142857142858,56.095238095238095,10.414285714285716,1017.4285714285714,2016.0,12.0,0.0,354.0
19.8,48.53333333333333,15.926666666666671,1015.2,2016.0,12.0,1.0,355.0
18.05,54.3,19.40476190476191,1015.6190476190476,2016.0,12.0,2.0,356.0
17.285714285714285,57.85714285714285,6.1809523809523785,1016.1428571428572,2016.0,12.0,3.0,357.0
15.55,74.7,1.205,1014.25,2016.0,12.0,4.0,358.0
17.318181818181817,78.63636363636364,5.236363636363636,1011.318181818182,2016.0,12.0,5.0,359.0
14.0,94.3,9.085,1014.35,2016.0,12.0,6.0,360.0
17.142857142857142,74.85714285714286,8.784210526315787,1016.952380952381,2016.0,12.0,0.0,361.0
16.85,67.55,8.335,1017.2,2016.0,12.0,1.0,362.0
17.217391304347824,68.04347826086956,3.547826086956522,1015.5652173913044,2016.0,12.0,2.0,363.0
15.238095238095235,87.85714285714286,6.0,1016.904761904762,2016.0,12.0,3.0,364.0
14.095238095238097,89.66666666666667,6.266666666666667,1017.904761904762,2016.0,12.0,4.0,365.0
15.052631578947368,87.0,7.325,1016.1,2016.0,12.0,5.0,366.0
10.0,100.0,0.0,1016.0,2017.0,1.0,6.0,1.0
